{"v":"4.8.0","meta":{"g":"LottieFiles AE 3.0.2","a":"","k":"","d":"","tc":""},"fr":29.9700012207031,"ip":32.0000013033867,"op":223.000009082976,"w":420,"h":420,"nm":"12. Robotic Diagnostic","ddd":0,"assets":[{"id":"comp_0","layers":[{"ddd":0,"ind":33,"ty":3,"nm":"Nulo 2","sr":1,"ks":{"o":{"a":0,"k":0,"ix":11},"r":{"a":0,"k":0,"ix":10},"p":{"a":0,"k":[429.819,646.14,0],"ix":2},"a":{"a":0,"k":[-237.514,-233.471,0],"ix":1},"s":{"a":0,"k":[80,62,100],"ix":6}},"ao":0,"ip":0,"op":565.000023012922,"st":0,"bm":0},{"ddd":0,"ind":39,"ty":4,"nm":"Camada 3 Outlines","parent":42,"sr":1,"ks":{"o":{"a":1,"k":[{"i":{"x":[0.833],"y":[0.833]},"o":{"x":[0.167],"y":[0.167]},"t":52,"s":[100]},{"i":{"x":[0.833],"y":[0.833]},"o":{"x":[0.167],"y":[0.167]},"t":53.068,"s":[0]},{"i":{"x":[0.833],"y":[0.833]},"o":{"x":[0.167],"y":[0.167]},"t":54.136,"s":[100]},{"i":{"x":[0.833],"y":[0.833]},"o":{"x":[0.167],"y":[0.167]},"t":55.204,"s":[0]},{"i":{"x":[0.833],"y":[0.833]},"o":{"x":[0.167],"y":[0.167]},"t":56.273,"s":[0]},{"i":{"x":[0.833],"y":[0.833]},"o":{"x":[0.167],"y":[0.167]},"t":57.34,"s":[100]},{"i":{"x":[0.833],"y":[0.833]},"o":{"x":[0.167],"y":[0.167]},"t":100.061,"s":[100]},{"i":{"x":[0.833],"y":[0.833]},"o":{"x":[0.167],"y":[0.167]},"t":101.129,"s":[0]},{"i":{"x":[0.833],"y":[0.833]},"o":{"x":[0.167],"y":[0.167]},"t":102.198,"s":[100]},{"i":{"x":[0.833],"y":[0.833]},"o":{"x":[0.167],"y":[0.167]},"t":103.265,"s":[0]},{"i":{"x":[0.833],"y":[0.833]},"o":{"x":[0.167],"y":[0.167]},"t":104.334,"s":[0]},{"i":{"x":[0.833],"y":[0.833]},"o":{"x":[0.167],"y":[0.167]},"t":105.401,"s":[100]},{"i":{"x":[0.833],"y":[0.833]},"o":{"x":[0.167],"y":[0.167]},"t":159.871,"s":[100]},{"i":{"x":[0.833],"y":[0.833]},"o":{"x":[0.167],"y":[0.167]},"t":160.939,"s":[0]},{"i":{"x":[0.833],"y":[0.833]},"o":{"x":[0.167],"y":[0.167]},"t":162.006,"s":[100]},{"i":{"x":[0.833],"y":[0.833]},"o":{"x":[0.167],"y":[0.167]},"t":163.075,"s":[0]},{"i":{"x":[0.833],"y":[0.833]},"o":{"x":[0.167],"y":[0.167]},"t":164.143,"s":[0]},{"i":{"x":[0.833],"y":[0.833]},"o":{"x":[0.167],"y":[0.167]},"t":165.211,"s":[100]},{"i":{"x":[0.833],"y":[0.833]},"o":{"x":[0.167],"y":[0.167]},"t":203.66,"s":[100]},{"i":{"x":[0.833],"y":[0.833]},"o":{"x":[0.167],"y":[0.167]},"t":204.728,"s":[0]},{"i":{"x":[0.833],"y":[0.833]},"o":{"x":[0.167],"y":[0.167]},"t":205.796,"s":[100]},{"i":{"x":[0.833],"y":[0.833]},"o":{"x":[0.167],"y":[0.167]},"t":206.864,"s":[0]},{"i":{"x":[0.833],"y":[0.833]},"o":{"x":[0.167],"y":[0.167]},"t":207.933,"s":[0]},{"t":209.000008512745,"s":[100]}],"ix":11},"r":{"a":0,"k":0,"ix":10},"p":{"a":0,"k":[-553.187,-16.015,0],"ix":2},"a":{"a":0,"k":[753.534,282.731,0],"ix":1},"s":{"a":0,"k":[1.547,1.547,100],"ix":6}},"ao":0,"shapes":[{"ty":"gr","it":[{"ind":0,"ty":"sh","ix":1,"ks":{"a":0,"k":{"i":[[0,0],[0,0],[0,0],[0,0],[0,0],[0,0],[0,0],[0,0],[0,0],[0,0],[0,0],[0,0],[0,0],[0,0],[0,0],[0,0],[0,0],[0,0],[0,0],[0,0],[0,0],[0,0],[0,0],[0,0],[0,0],[0,0],[0,0],[0,0],[0,0],[0,0],[0,0],[0,0],[0,0],[0,0],[0,0],[0,0],[0,0],[0,0],[0,0],[0,0],[0,0],[0,0],[0,0],[0,0],[0,0],[0,0],[0,0],[0,0],[0,0],[0,0]],"o":[[0,0],[0,0],[0,0],[0,0],[0,0],[0,0],[0,0],[0,0],[0,0],[0,0],[0,0],[0,0],[0,0],[0,0],[0,0],[0,0],[0,0],[0,0],[0,0],[0,0],[0,0],[0,0],[0,0],[0,0],[0,0],[0,0],[0,0],[0,0],[0,0],[0,0],[0,0],[0,0],[0,0],[0,0],[0,0],[0,0],[0,0],[0,0],[0,0],[0,0],[0,0],[0,0],[0,0],[0,0],[0,0],[0,0],[0,0],[0,0],[0,0],[0,0]],"v":[[-164.778,282.481],[-211.864,282.481],[-211.864,235.396],[-211.864,188.311],[-211.864,141.245],[-211.864,94.16],[-211.864,47.075],[-211.864,-0.01],[-211.864,-47.076],[-211.864,-94.161],[-211.864,-141.246],[-211.864,-188.331],[-211.864,-235.397],[-211.864,-282.481],[-164.778,-282.481],[-117.693,-282.481],[-70.609,-282.481],[-23.523,-282.481],[23.522,-282.481],[70.608,-282.481],[117.693,-282.481],[164.779,-282.481],[211.864,-282.481],[211.864,-235.397],[211.864,-188.331],[164.779,-188.331],[117.693,-188.331],[70.608,-188.331],[23.522,-188.331],[-23.523,-188.331],[-70.609,-188.331],[-117.693,-188.331],[-117.693,-141.246],[-117.693,-94.161],[-70.609,-94.161],[-23.523,-94.161],[23.522,-94.161],[70.608,-94.161],[70.608,-47.076],[70.608,-0.01],[23.522,-0.01],[-23.523,-0.01],[-70.609,-0.01],[-117.693,-0.01],[-117.693,47.075],[-117.693,94.16],[-117.693,141.245],[-117.693,188.311],[-117.693,235.396],[-117.693,282.481]],"c":true},"ix":2},"nm":"Path 1","mn":"ADBE Vector Shape - Group","hd":false},{"ty":"fl","c":{"a":0,"k":[1,1,1,1],"ix":4},"o":{"a":0,"k":100,"ix":5},"r":1,"bm":0,"nm":"Fill 1","mn":"ADBE Vector Graphic - Fill","hd":false},{"ty":"tr","p":{"a":0,"k":[1294.953,282.731],"ix":2},"a":{"a":0,"k":[0,0],"ix":1},"s":{"a":0,"k":[100,100],"ix":3},"r":{"a":0,"k":0,"ix":6},"o":{"a":0,"k":100,"ix":7},"sk":{"a":0,"k":0,"ix":4},"sa":{"a":0,"k":0,"ix":5},"nm":"Transformar"}],"nm":"Group 5","np":2,"cix":2,"bm":0,"ix":1,"mn":"ADBE Vector Group","hd":false},{"ty":"gr","it":[{"ind":0,"ty":"sh","ix":1,"ks":{"a":0,"k":{"i":[[0,0],[0,0],[0,0],[0,0],[0,0],[0,0],[0,0],[0,0],[0,0],[0,0],[0,0],[0,0],[0,0],[0,0],[0,0],[0,0],[0,0],[0,0],[0,0],[0,0],[0,0],[0,0],[0,0],[0,0],[0,0],[0,0],[0,0],[0,0],[0,0],[0,0],[0,0],[0,0],[0,0],[0,0],[0,0],[0,0],[0,0],[0,0],[0,0],[0,0],[0,0],[0,0],[0,0],[0,0],[0,0],[0,0],[0,0],[0,0],[0,0],[0,0]],"o":[[0,0],[0,0],[0,0],[0,0],[0,0],[0,0],[0,0],[0,0],[0,0],[0,0],[0,0],[0,0],[0,0],[0,0],[0,0],[0,0],[0,0],[0,0],[0,0],[0,0],[0,0],[0,0],[0,0],[0,0],[0,0],[0,0],[0,0],[0,0],[0,0],[0,0],[0,0],[0,0],[0,0],[0,0],[0,0],[0,0],[0,0],[0,0],[0,0],[0,0],[0,0],[0,0],[0,0],[0,0],[0,0],[0,0],[0,0],[0,0],[0,0],[0,0]],"v":[[-164.778,282.481],[-211.863,282.481],[-211.863,235.396],[-211.863,188.311],[-211.863,141.245],[-211.863,94.16],[-211.863,47.075],[-211.863,-0.01],[-211.863,-47.076],[-211.863,-94.161],[-211.863,-141.246],[-211.863,-188.331],[-211.863,-235.397],[-211.863,-282.481],[-164.778,-282.481],[-117.693,-282.481],[-70.608,-282.481],[-23.523,-282.481],[23.523,-282.481],[70.608,-282.481],[117.694,-282.481],[164.779,-282.481],[211.863,-282.481],[211.863,-235.397],[211.863,-188.331],[164.779,-188.331],[117.694,-188.331],[70.608,-188.331],[23.523,-188.331],[-23.523,-188.331],[-70.608,-188.331],[-117.693,-188.331],[-117.693,-141.246],[-117.693,-94.161],[-70.608,-94.161],[-23.523,-94.161],[23.523,-94.161],[70.608,-94.161],[70.608,-47.076],[70.608,-0.01],[23.523,-0.01],[-23.523,-0.01],[-70.608,-0.01],[-117.693,-0.01],[-117.693,47.075],[-117.693,94.16],[-117.693,141.245],[-117.693,188.311],[-117.693,235.396],[-117.693,282.481]],"c":true},"ix":2},"nm":"Path 1","mn":"ADBE Vector Shape - Group","hd":false},{"ty":"fl","c":{"a":0,"k":[1,1,1,1],"ix":4},"o":{"a":0,"k":100,"ix":5},"r":1,"bm":0,"nm":"Fill 1","mn":"ADBE Vector Graphic - Fill","hd":false},{"ty":"tr","p":{"a":0,"k":[824.142,282.731],"ix":2},"a":{"a":0,"k":[0,0],"ix":1},"s":{"a":0,"k":[100,100],"ix":3},"r":{"a":0,"k":0,"ix":6},"o":{"a":0,"k":100,"ix":7},"sk":{"a":0,"k":0,"ix":4},"sa":{"a":0,"k":0,"ix":5},"nm":"Transformar"}],"nm":"Group 6","np":2,"cix":2,"bm":0,"ix":2,"mn":"ADBE Vector Group","hd":false},{"ty":"gr","it":[{"ind":0,"ty":"sh","ix":1,"ks":{"a":0,"k":{"i":[[0,0],[0,0],[0,0],[0,0],[0,0],[0,0],[0,0],[0,0],[0,0],[0,0],[0,0],[0,0],[0,0],[0,0],[0,0],[0,0],[0,0],[0,0],[0,0],[0,0]],"o":[[0,0],[0,0],[0,0],[0,0],[0,0],[0,0],[0,0],[0,0],[0,0],[0,0],[0,0],[0,0],[0,0],[0,0],[0,0],[0,0],[0,0],[0,0],[0,0],[0,0]],"v":[[188.321,188.311],[188.321,141.245],[188.321,94.16],[188.321,47.075],[188.321,-0.01],[188.321,-47.075],[188.321,-94.16],[188.321,-141.246],[188.321,-188.331],[235.406,-188.331],[282.491,-188.331],[282.491,-141.246],[282.491,-94.16],[282.491,-47.075],[282.491,-0.01],[282.491,47.075],[282.491,94.16],[282.491,141.245],[282.491,188.311],[235.406,188.311]],"c":true},"ix":2},"nm":"Path 1","mn":"ADBE Vector Shape - Group","hd":false},{"ind":1,"ty":"sh","ix":2,"ks":{"a":0,"k":{"i":[[0,0],[0,0],[0,0],[0,0],[0,0],[0,0],[0,0],[0,0],[0,0],[0,0],[0,0],[0,0],[0,0],[0,0],[0,0],[0,0],[0,0],[0,0],[0,0],[0,0]],"o":[[0,0],[0,0],[0,0],[0,0],[0,0],[0,0],[0,0],[0,0],[0,0],[0,0],[0,0],[0,0],[0,0],[0,0],[0,0],[0,0],[0,0],[0,0],[0,0],[0,0]],"v":[[141.236,282.481],[94.151,282.481],[47.066,282.481],[-0.019,282.481],[-47.104,282.481],[-94.151,282.481],[-141.236,282.481],[-188.321,282.481],[-188.321,235.396],[-188.321,188.311],[-141.236,188.311],[-94.151,188.311],[-47.104,188.311],[-0.019,188.311],[47.066,188.311],[94.151,188.311],[141.236,188.311],[188.321,188.311],[188.321,235.396],[188.321,282.481]],"c":true},"ix":2},"nm":"Path 2","mn":"ADBE Vector Shape - Group","hd":false},{"ind":2,"ty":"sh","ix":3,"ks":{"a":0,"k":{"i":[[0,0],[0,0],[0,0],[0,0],[0,0],[0,0],[0,0],[0,0],[0,0],[0,0],[0,0],[0,0],[0,0],[0,0],[0,0],[0,0],[0,0],[0,0],[0,0],[0,0]],"o":[[0,0],[0,0],[0,0],[0,0],[0,0],[0,0],[0,0],[0,0],[0,0],[0,0],[0,0],[0,0],[0,0],[0,0],[0,0],[0,0],[0,0],[0,0],[0,0],[0,0]],"v":[[188.321,-188.331],[141.236,-188.331],[94.151,-188.331],[47.066,-188.331],[-0.019,-188.331],[-47.104,-188.331],[-94.151,-188.331],[-141.236,-188.331],[-188.321,-188.331],[-188.321,-235.397],[-188.321,-282.481],[-141.236,-282.481],[-94.151,-282.481],[-47.104,-282.481],[-0.019,-282.481],[47.066,-282.481],[94.151,-282.481],[141.236,-282.481],[188.321,-282.481],[188.321,-235.397]],"c":true},"ix":2},"nm":"Path 3","mn":"ADBE Vector Shape - Group","hd":false},{"ind":3,"ty":"sh","ix":4,"ks":{"a":0,"k":{"i":[[0,0],[0,0],[0,0],[0,0],[0,0],[0,0],[0,0],[0,0],[0,0],[0,0],[0,0],[0,0],[0,0],[0,0],[0,0],[0,0],[0,0],[0,0],[0,0],[0,0]],"o":[[0,0],[0,0],[0,0],[0,0],[0,0],[0,0],[0,0],[0,0],[0,0],[0,0],[0,0],[0,0],[0,0],[0,0],[0,0],[0,0],[0,0],[0,0],[0,0],[0,0]],"v":[[-188.321,188.311],[-235.406,188.311],[-282.491,188.311],[-282.491,141.245],[-282.491,94.16],[-282.491,47.075],[-282.491,-0.01],[-282.491,-47.075],[-282.491,-94.16],[-282.491,-141.246],[-282.491,-188.331],[-235.406,-188.331],[-188.321,-188.331],[-188.321,-141.246],[-188.321,-94.16],[-188.321,-47.075],[-188.321,-0.01],[-188.321,47.075],[-188.321,94.16],[-188.321,141.245]],"c":true},"ix":2},"nm":"Path 4","mn":"ADBE Vector Shape - Group","hd":false},{"ty":"mm","mm":1,"nm":"Merge Paths 1","mn":"ADBE Vector Filter - Merge","hd":false},{"ty":"fl","c":{"a":0,"k":[1,1,1,1],"ix":4},"o":{"a":0,"k":100,"ix":5},"r":1,"bm":0,"nm":"Fill 1","mn":"ADBE Vector Graphic - Fill","hd":false},{"ty":"tr","p":{"a":0,"k":[282.741,282.731],"ix":2},"a":{"a":0,"k":[0,0],"ix":1},"s":{"a":0,"k":[100,100],"ix":3},"r":{"a":0,"k":0,"ix":6},"o":{"a":0,"k":100,"ix":7},"sk":{"a":0,"k":0,"ix":4},"sa":{"a":0,"k":0,"ix":5},"nm":"Transformar"}],"nm":"Group 7","np":6,"cix":2,"bm":0,"ix":3,"mn":"ADBE Vector Group","hd":false}],"ip":0,"op":565.000023012922,"st":0,"bm":0},{"ddd":0,"ind":42,"ty":4,"nm":"Group 17","parent":33,"sr":1,"ks":{"o":{"a":0,"k":100,"ix":11},"r":{"a":0,"k":0,"ix":10},"p":{"a":1,"k":[{"i":{"x":0.667,"y":1},"o":{"x":0.333,"y":0},"t":31,"s":[-143.473,-110.232,0],"to":[0,-3.495,0],"ti":[0,0.215,0]},{"i":{"x":0.667,"y":1},"o":{"x":0.333,"y":0},"t":75.308,"s":[-143.473,-131.2,0],"to":[0,-0.215,0],"ti":[0,0,0]},{"i":{"x":0.667,"y":1},"o":{"x":0.333,"y":0},"t":107.308,"s":[-143.473,-111.52,0],"to":[0,0,0],"ti":[0,-0.215,0]},{"i":{"x":0.667,"y":1},"o":{"x":0.333,"y":0},"t":134.385,"s":[-143.473,-131.2,0],"to":[0,0.215,0],"ti":[0,0,0]},{"i":{"x":0.667,"y":1},"o":{"x":0.333,"y":0},"t":163.924,"s":[-143.473,-110.232,0],"to":[0,0,0],"ti":[0,0,0]},{"i":{"x":0.667,"y":1},"o":{"x":0.333,"y":0},"t":193.461,"s":[-143.473,-131.2,0],"to":[0,0,0],"ti":[0,-3.495,0]},{"t":223.000009082976,"s":[-143.473,-110.232,0]}],"ix":2},"a":{"a":0,"k":[-552.994,23.006,0],"ix":1},"s":{"a":0,"k":[1000,1290.323,100],"ix":6}},"ao":0,"shapes":[{"ty":"gr","it":[{"ty":"gr","it":[{"ind":0,"ty":"sh","ix":1,"ks":{"a":0,"k":{"i":[[0,0],[-5.87,0],[-2.37,-2.79]],"o":[[2.07,-3.27],[5.33,0],[0,0]],"v":[[-564.98,42.66],[-552,37.09],[-539.67,41.77]],"c":false},"ix":2},"nm":"Path 1","mn":"ADBE Vector Shape - Group","hd":false},{"ty":"st","c":{"a":0,"k":[0,0,0,1],"ix":3},"o":{"a":0,"k":100,"ix":4},"w":{"a":0,"k":2,"ix":5},"lc":2,"lj":2,"bm":0,"nm":"Stroke 1","mn":"ADBE Vector Graphic - Stroke","hd":false},{"ty":"tr","p":{"a":0,"k":[0,0],"ix":2},"a":{"a":0,"k":[0,0],"ix":1},"s":{"a":0,"k":[100,100],"ix":3},"r":{"a":0,"k":0,"ix":6},"o":{"a":0,"k":100,"ix":7},"sk":{"a":0,"k":0,"ix":4},"sa":{"a":0,"k":0,"ix":5},"nm":"Transformar"}],"nm":"Group 1","np":2,"cix":2,"bm":0,"ix":1,"mn":"ADBE Vector Group","hd":false},{"ty":"gr","it":[{"ind":0,"ty":"sh","ix":1,"ks":{"a":0,"k":{"i":[[0,0],[-1.46,0],[0,0],[-4.64,0],[9.03,-22],[0,0],[0,0],[9.03,22],[-6.02,0],[-2.31,0]],"o":[[2.43,0],[1.13,0],[3.79,0],[6.02,0],[-9.03,22],[0,0],[0,0],[-9.03,-22],[1.66,0],[0,0]],"v":[[-565.125,-0.984],[-553.91,-1],[-552.09,-1],[-534.84,-1],[-528.82,26],[-552.9,47],[-553.1,47],[-577.18,26],[-571.16,-1],[-565,-1]],"c":false},"ix":2},"nm":"Path 1","mn":"ADBE Vector Shape - Group","hd":false},{"ty":"st","c":{"a":0,"k":[0,0,0,1],"ix":3},"o":{"a":0,"k":100,"ix":4},"w":{"a":0,"k":2,"ix":5},"lc":2,"lj":2,"bm":0,"nm":"Stroke 1","mn":"ADBE Vector Graphic - Stroke","hd":false},{"ty":"tr","p":{"a":0,"k":[0,0],"ix":2},"a":{"a":0,"k":[0,0],"ix":1},"s":{"a":0,"k":[100,100],"ix":3},"r":{"a":0,"k":0,"ix":6},"o":{"a":0,"k":100,"ix":7},"sk":{"a":0,"k":0,"ix":4},"sa":{"a":0,"k":0,"ix":5},"nm":"Transformar"}],"nm":"Group 2","np":2,"cix":2,"bm":0,"ix":2,"mn":"ADBE Vector Group","hd":false},{"ty":"gr","it":[{"ind":0,"ty":"sh","ix":1,"ks":{"a":0,"k":{"i":[[-2.77,-0.54],[0.6,-0.01],[0,0],[0.07,0],[0,0],[0.02,0],[0,0],[0.03,0.01],[0.5,0.06],[0.16,0.03],[0.15,0.03],[0.1,0.03],[0.09,0.02],[0.17,0.04],[0.17,0.05],[1.24,0.55],[0.16,0.08],[0.14,0.07],[1.58,1.25],[-1.24,0.98],[-0.79,-0.7]],"o":[[-1.18,0.24],[0,0],[-0.08,0.01],[0,0],[-0.07,-0.01],[0,0],[-0.03,0],[-0.32,-0.01],[-0.15,-0.01],[-0.14,-0.02],[-0.09,-0.01],[-0.08,-0.01],[-0.16,-0.03],[-0.16,-0.04],[-1.02,-0.25],[-0.16,-0.06],[-0.14,-0.06],[-1.45,-0.7],[0.6,-1.25],[0.78,0.87],[4.23,3.74]],"v":[[-549.99,47.68],[-552.7,48],[-552.77,48],[-553,48.01],[-553.27,48.01],[-553.41,48],[-553.65,48],[-553.74,48],[-554.98,47.91],[-555.44,47.85],[-555.88,47.78],[-556.16,47.73],[-556.42,47.68],[-556.9,47.58],[-557.4,47.46],[-560.82,46.28],[-561.29,46.07],[-561.71,45.87],[-566.28,42.98],[-563.47,39.62],[-561.1,41.96]],"c":true},"ix":2},"nm":"Path 1","mn":"ADBE Vector Shape - Group","hd":false},{"ty":"fl","c":{"a":0,"k":[0.537254929543,0.537254929543,0.537254929543,1],"ix":4},"o":{"a":0,"k":100,"ix":5},"r":1,"bm":0,"nm":"Fill 1","mn":"ADBE Vector Graphic - Fill","hd":false},{"ty":"tr","p":{"a":0,"k":[0,0],"ix":2},"a":{"a":0,"k":[0,0],"ix":1},"s":{"a":0,"k":[100,100],"ix":3},"r":{"a":0,"k":0,"ix":6},"o":{"a":0,"k":100,"ix":7},"sk":{"a":0,"k":0,"ix":4},"sa":{"a":0,"k":0,"ix":5},"nm":"Transformar"}],"nm":"Group 3","np":2,"cix":2,"bm":0,"ix":3,"mn":"ADBE Vector Group","hd":false},{"ty":"gr","it":[{"ind":0,"ty":"sh","ix":1,"ks":{"a":0,"k":{"i":[[-0.87,-1.29],[0.42,0.03],[0,0],[0.22,0],[0.25,0.02],[0.07,0],[0.13,0.01],[0.12,0.01],[0.18,0.02],[0.15,0.03],[0.01,0.01],[0.18,0.04],[-4.23,3.74],[-1.09,1.29]],"o":[[-7.26,6.41],[0,0],[-0.05,0],[-0.16,0],[-0.07,0],[-0.12,-0.01],[-0.11,-0.01],[-0.16,-0.02],[-0.14,-0.02],[-0.01,0],[-0.17,-0.02],[2.77,-0.54],[1.09,-0.96],[1.57,0.93]],"v":[[-538.31,41.96],[-552.87,48],[-553,48],[-553.41,48.01],[-554.03,47.99],[-554.23,47.98],[-554.6,47.95],[-554.94,47.92],[-555.44,47.85],[-555.88,47.78],[-555.91,47.77],[-556.42,47.68],[-545.31,41.96],[-542.03,38.6]],"c":true},"ix":2},"nm":"Path 1","mn":"ADBE Vector Shape - Group","hd":false},{"ty":"fl","c":{"a":0,"k":[0.898039281368,0.898039281368,0.898039281368,1],"ix":4},"o":{"a":0,"k":100,"ix":5},"r":1,"bm":0,"nm":"Fill 1","mn":"ADBE Vector Graphic - Fill","hd":false},{"ty":"tr","p":{"a":0,"k":[0,0],"ix":2},"a":{"a":0,"k":[0,0],"ix":1},"s":{"a":0,"k":[100,100],"ix":3},"r":{"a":0,"k":0,"ix":6},"o":{"a":0,"k":100,"ix":7},"sk":{"a":0,"k":0,"ix":4},"sa":{"a":0,"k":0,"ix":5},"nm":"Transformar"}],"nm":"Group 4","np":2,"cix":2,"bm":0,"ix":4,"mn":"ADBE Vector Group","hd":false},{"ty":"gr","it":[{"ind":0,"ty":"sh","ix":1,"ks":{"a":0,"k":{"i":[[-0.87,-1.29],[1.18,0.05],[0,0],[0.1,-0.01],[0,0],[0.09,0.01],[0.03,0.01],[0.5,0.06],[0.16,0.02],[0.15,0.03],[0.01,0.01],[0.08,0.02],[0.09,0.02],[0.17,0.04],[0.17,0.05],[1.24,0.55],[0.16,0.08],[0.14,0.07],[1.58,1.25],[-1.24,0.98],[-4.59,0],[-2.65,-1.56]],"o":[[-6.77,5.98],[0,0],[-0.03,0],[0,0],[-0.07,0],[-0.03,0],[-0.32,-0.01],[-0.15,-0.01],[-0.14,-0.02],[-0.01,0],[-0.09,-0.01],[-0.08,-0.01],[-0.16,-0.03],[-0.16,-0.04],[-1.02,-0.25],[-0.16,-0.06],[-0.14,-0.06],[-1.45,-0.7],[0.6,-1.25],[2.76,-2.16],[3.82,0],[1.57,0.93]],"v":[[-538.31,41.96],[-552.7,48],[-553,48],[-553.2,48.01],[-553.41,48.01],[-553.65,48],[-553.74,48],[-554.98,47.91],[-555.44,47.85],[-555.88,47.78],[-555.91,47.77],[-556.16,47.73],[-556.42,47.68],[-556.9,47.58],[-557.4,47.46],[-560.82,46.28],[-561.29,46.07],[-561.71,45.87],[-566.28,42.98],[-563.47,39.62],[-552,36.09],[-542.03,38.6]],"c":true},"ix":2},"nm":"Path 1","mn":"ADBE Vector Shape - Group","hd":false},{"ty":"fl","c":{"a":0,"k":[0.752941250801,0.752941250801,0.752941250801,1],"ix":4},"o":{"a":0,"k":100,"ix":5},"r":1,"bm":0,"nm":"Fill 1","mn":"ADBE Vector Graphic - Fill","hd":false},{"ty":"tr","p":{"a":0,"k":[0,0],"ix":2},"a":{"a":0,"k":[0,0],"ix":1},"s":{"a":0,"k":[100,100],"ix":3},"r":{"a":0,"k":0,"ix":6},"o":{"a":0,"k":100,"ix":7},"sk":{"a":0,"k":0,"ix":4},"sa":{"a":0,"k":0,"ix":5},"nm":"Transformar"}],"nm":"Group 5","np":2,"cix":2,"bm":0,"ix":5,"mn":"ADBE Vector Group","hd":false},{"ty":"gr","it":[{"ind":0,"ty":"sh","ix":1,"ks":{"a":0,"k":{"i":[[-2.785,-0.54],[0.603,-0.01],[0.091,0],[0,0],[0.03,0],[0,0],[0.03,0.01],[5.581,4.38],[3.419,8.32],[-3.308,4.9],[-2.061,0.16],[-0.251,0],[0,0],[1.046,-0.23],[1.77,-2.62],[-4.515,-10.99],[-3.66,-3.2]],"o":[[-1.187,0.24],[-0.111,0.01],[0,0],[-0.111,-0.01],[0,0],[-0.03,0],[-1.89,-0.05],[-4.032,-3.15],[-4.515,-10.99],[2.313,-3.42],[0.342,-0.03],[0,0],[-0.603,0],[-1.981,0.43],[-3.308,4.9],[3.077,7.48],[4.253,3.74]],"v":[[-549.99,47.68],[-552.715,48],[-553.017,48.01],[-553.218,48.01],[-553.429,48],[-553.67,48],[-553.761,48],[-566.371,42.98],[-578.085,26.38],[-579.905,2.42],[-572.012,-1.96],[-571.117,-2],[-564.681,-2],[-567.225,-1.72],[-573.47,2.42],[-571.65,26.38],[-561.162,41.96]],"c":true},"ix":2},"nm":"Path 1","mn":"ADBE Vector Shape - Group","hd":false},{"ty":"fl","c":{"a":0,"k":[0.537254929543,0.537254929543,0.537254929543,1],"ix":4},"o":{"a":0,"k":100,"ix":5},"r":1,"bm":0,"nm":"Fill 1","mn":"ADBE Vector Graphic - Fill","hd":false},{"ty":"tr","p":{"a":0,"k":[0,0],"ix":2},"a":{"a":0,"k":[0,0],"ix":1},"s":{"a":0,"k":[100,100],"ix":3},"r":{"a":0,"k":0,"ix":6},"o":{"a":0,"k":100,"ix":7},"sk":{"a":0,"k":0,"ix":4},"sa":{"a":0,"k":0,"ix":5},"nm":"Transformar"}],"nm":"Group 6","np":2,"cix":2,"bm":0,"ix":6,"mn":"ADBE Vector Group","hd":false},{"ty":"gr","it":[{"ind":0,"ty":"sh","ix":1,"ks":{"a":0,"k":{"i":[[4.49,-10.99],[3.64,-3.2],[0.42,0.03],[0,0],[0.22,0],[1.4,0.28],[-4.23,3.74],[-3.06,7.48],[3.29,4.9],[1.97,0.43],[0.6,0],[0,0],[-1.04,-0.23],[-1.76,-2.62]],"o":[[-3.06,7.48],[-7.26,6.41],[0,0],[-0.05,0],[-0.55,0],[2.77,-0.54],[3.64,-3.2],[4.49,-10.99],[-1.76,-2.62],[-1.04,-0.23],[0,0],[0.6,0],[1.97,0.43],[3.29,4.9]],"v":[[-527.88,26.38],[-538.31,41.96],[-552.87,48],[-553,48],[-553.41,48.01],[-556.42,47.68],[-545.31,41.96],[-534.88,26.38],[-533.07,2.42],[-539.28,-1.72],[-541.81,-2],[-534.81,-2],[-532.28,-1.72],[-526.07,2.42]],"c":true},"ix":2},"nm":"Path 1","mn":"ADBE Vector Shape - Group","hd":false},{"ty":"fl","c":{"a":0,"k":[0.898039281368,0.898039281368,0.898039281368,1],"ix":4},"o":{"a":0,"k":100,"ix":5},"r":1,"bm":0,"nm":"Fill 1","mn":"ADBE Vector Graphic - Fill","hd":false},{"ty":"tr","p":{"a":0,"k":[0,0],"ix":2},"a":{"a":0,"k":[0,0],"ix":1},"s":{"a":0,"k":[100,100],"ix":3},"r":{"a":0,"k":0,"ix":6},"o":{"a":0,"k":100,"ix":7},"sk":{"a":0,"k":0,"ix":4},"sa":{"a":0,"k":0,"ix":5},"nm":"Transformar"}],"nm":"Group 7","np":2,"cix":2,"bm":0,"ix":7,"mn":"ADBE Vector Group","hd":false},{"ty":"gr","it":[{"ind":0,"ty":"sh","ix":1,"ks":{"a":0,"k":{"i":[[4.504,-10.99],[3.651,-3.2],[1.184,0.05],[0,0],[0.1,-0.01],[0,0],[0.09,0.01],[0.03,0.01],[5.567,4.38],[3.41,8.32],[-3.3,4.9],[-2.056,0.16],[-0.251,0],[0,0],[-1.043,-0.23],[-1.765,-2.62]],"o":[[-3.069,7.48],[-6.791,5.98],[0,0],[-0.03,0],[0,0],[-0.07,0],[-0.03,0],[-1.886,-0.05],[-4.022,-3.15],[-4.504,-10.99],[2.307,-3.42],[0.341,-0.03],[0,0],[0.602,0],[1.976,0.43],[3.3,4.9]],"v":[[-527.892,26.38],[-538.354,41.96],[-552.788,48],[-553.089,48],[-553.289,48.01],[-553.5,48.01],[-553.741,48],[-553.831,48],[-566.409,42.98],[-578.095,26.38],[-579.911,2.42],[-572.037,-1.96],[-571.144,-2],[-534.843,-2],[-532.305,-1.72],[-526.076,2.42]],"c":true},"ix":2},"nm":"Path 1","mn":"ADBE Vector Shape - Group","hd":false},{"ty":"fl","c":{"a":0,"k":[0.752941250801,0.752941250801,0.752941250801,1],"ix":4},"o":{"a":0,"k":100,"ix":5},"r":1,"bm":0,"nm":"Fill 1","mn":"ADBE Vector Graphic - Fill","hd":false},{"ty":"tr","p":{"a":0,"k":[0,0],"ix":2},"a":{"a":0,"k":[0,0],"ix":1},"s":{"a":0,"k":[100,100],"ix":3},"r":{"a":0,"k":0,"ix":6},"o":{"a":0,"k":100,"ix":7},"sk":{"a":0,"k":0,"ix":4},"sa":{"a":0,"k":0,"ix":5},"nm":"Transformar"}],"nm":"Group 8","np":2,"cix":2,"bm":0,"ix":8,"mn":"ADBE Vector Group","hd":false},{"ty":"tr","p":{"a":0,"k":[0,0],"ix":2},"a":{"a":0,"k":[0,0],"ix":1},"s":{"a":0,"k":[100,100],"ix":3},"r":{"a":0,"k":0,"ix":6},"o":{"a":0,"k":100,"ix":7},"sk":{"a":0,"k":0,"ix":4},"sa":{"a":0,"k":0,"ix":5},"nm":"Transformar"}],"nm":"Group 5","np":8,"cix":2,"bm":0,"ix":1,"mn":"ADBE Vector Group","hd":false}],"ip":31.0000012626559,"op":224.000009123707,"st":0,"bm":0},{"ddd":0,"ind":43,"ty":4,"nm":"Head 2","parent":42,"sr":1,"ks":{"o":{"a":0,"k":100,"ix":11},"r":{"a":0,"k":0,"ix":10},"p":{"a":0,"k":[-553.125,-23,0],"ix":2},"a":{"a":0,"k":[-552,-23,0],"ix":1},"s":{"a":0,"k":[100,100,100],"ix":6}},"ao":0,"shapes":[{"ty":"gr","it":[{"ty":"gr","it":[{"ty":"gr","it":[{"ty":"gr","it":[{"ind":0,"ty":"sh","ix":1,"ks":{"a":0,"k":{"i":[[0,0],[0,2.62],[0,0],[-5.41,0],[0,0],[0,-5.41],[0,0],[1.67,-1.75]],"o":[[-1.67,-1.75],[0,0],[0,-5.41],[0,0],[5.41,0],[0,0],[0,2.62],[0,0]],"v":[[-568.31,-4.06],[-571,-10.79],[-571,-19.21],[-561.21,-29],[-542.79,-29],[-533,-19.21],[-533,-10.79],[-535.69,-4.06]],"c":false},"ix":2},"nm":"Path 1","mn":"ADBE Vector Shape - Group","hd":false},{"ty":"st","c":{"a":0,"k":[0,0,0,1],"ix":3},"o":{"a":0,"k":100,"ix":4},"w":{"a":0,"k":2,"ix":5},"lc":2,"lj":2,"bm":0,"nm":"Stroke 1","mn":"ADBE Vector Graphic - Stroke","hd":false},{"ty":"tr","p":{"a":0,"k":[0,0],"ix":2},"a":{"a":0,"k":[0,0],"ix":1},"s":{"a":0,"k":[100,100],"ix":3},"r":{"a":0,"k":0,"ix":6},"o":{"a":0,"k":100,"ix":7},"sk":{"a":0,"k":0,"ix":4},"sa":{"a":0,"k":0,"ix":5},"nm":"Transformar"}],"nm":"Group 1","np":2,"cix":2,"bm":0,"ix":1,"mn":"ADBE Vector Group","hd":false},{"ty":"gr","it":[{"ind":0,"ty":"sh","ix":1,"ks":{"a":0,"k":{"i":[[0,0],[0,0],[0,-8.28],[0,0],[8.28,0],[0,0],[0,8.28],[0,0],[-8.28,0],[0,0],[0,0]],"o":[[0,0],[8.28,0],[0,0],[0,8.28],[0,0],[-8.28,0],[0,0],[0,-8.28],[0,0],[0,0],[0,0]],"v":[[-542,-42],[-536.98,-42],[-522,-27.02],[-522,-18.98],[-536.98,-4],[-567.02,-4],[-582,-18.98],[-582,-27.02],[-567.02,-42],[-549.315,-42],[-540.187,-42.078]],"c":false},"ix":2},"nm":"Path 1","mn":"ADBE Vector Shape - Group","hd":false},{"ty":"st","c":{"a":0,"k":[0,0,0,1],"ix":3},"o":{"a":0,"k":100,"ix":4},"w":{"a":0,"k":2,"ix":5},"lc":2,"lj":2,"bm":0,"nm":"Stroke 1","mn":"ADBE Vector Graphic - Stroke","hd":false},{"ty":"tr","p":{"a":0,"k":[0,0],"ix":2},"a":{"a":0,"k":[0,0],"ix":1},"s":{"a":0,"k":[100,100],"ix":3},"r":{"a":0,"k":0,"ix":6},"o":{"a":0,"k":100,"ix":7},"sk":{"a":0,"k":0,"ix":4},"sa":{"a":0,"k":0,"ix":5},"nm":"Transformar"}],"nm":"Group 2","np":2,"cix":2,"bm":0,"ix":2,"mn":"ADBE Vector Group","hd":false},{"ty":"tr","p":{"a":0,"k":[0,0],"ix":2},"a":{"a":0,"k":[0,0],"ix":1},"s":{"a":0,"k":[100,100],"ix":3},"r":{"a":0,"k":0,"ix":6},"o":{"a":0,"k":100,"ix":7},"sk":{"a":0,"k":0,"ix":4},"sa":{"a":0,"k":0,"ix":5},"nm":"Transformar"}],"nm":"Group 1","np":2,"cix":2,"bm":0,"ix":1,"mn":"ADBE Vector Group","hd":false},{"ty":"gr","it":[{"ty":"gr","it":[{"ind":0,"ty":"sh","ix":1,"ks":{"a":0,"k":{"i":[[0,-5.95],[0,0],[-1.99,-1.96],[-0.59,0],[0,0],[0.57,0.07],[0,3.01],[0,0],[-5.95,0],[0,0]],"o":[[0,0],[0,3.01],[0.57,0.07],[0,0],[-0.59,0],[-1.99,-1.96],[0,0],[0,-5.95],[0,0],[-5.95,0]],"v":[[-572,-19.21],[-572,-10.79],[-568.77,-3.1],[-567.02,-3],[-562.02,-3],[-563.77,-3.1],[-567,-10.79],[-567,-19.21],[-556.21,-30],[-561.21,-30]],"c":true},"ix":2},"nm":"Path 1","mn":"ADBE Vector Shape - Group","hd":false},{"ty":"fl","c":{"a":0,"k":[0.815686285496,0.143944635987,0.143944635987,1],"ix":4},"o":{"a":0,"k":100,"ix":5},"r":1,"bm":0,"nm":"Fill 1","mn":"ADBE Vector Graphic - Fill","hd":false},{"ty":"tr","p":{"a":0,"k":[0,0],"ix":2},"a":{"a":0,"k":[0,0],"ix":1},"s":{"a":0,"k":[100,100],"ix":3},"r":{"a":0,"k":0,"ix":6},"o":{"a":0,"k":100,"ix":7},"sk":{"a":0,"k":0,"ix":4},"sa":{"a":0,"k":0,"ix":5},"nm":"Transformar"}],"nm":"Group 1","np":2,"cix":2,"bm":0,"ix":1,"mn":"ADBE Vector Group","hd":false},{"ty":"gr","it":[{"ind":0,"ty":"sh","ix":1,"ks":{"a":0,"k":{"i":[[0,-5.95],[0,0],[1.99,-1.96],[0.59,0],[0,0],[-0.57,0.07],[0,3.01],[0,0],[5.95,0],[0,0]],"o":[[0,0],[0,3.01],[-0.57,0.07],[0,0],[0.59,0],[1.99,-1.96],[0,0],[0,-5.95],[0,0],[5.95,0]],"v":[[-532,-19.21],[-532,-10.79],[-535.23,-3.1],[-536.98,-3],[-541.98,-3],[-540.23,-3.1],[-537,-10.79],[-537,-19.21],[-547.79,-30],[-542.79,-30]],"c":true},"ix":2},"nm":"Path 1","mn":"ADBE Vector Shape - Group","hd":false},{"ty":"fl","c":{"a":0,"k":[0.92549020052,0.366566687822,0.366566687822,1],"ix":4},"o":{"a":0,"k":100,"ix":5},"r":1,"bm":0,"nm":"Fill 1","mn":"ADBE Vector Graphic - Fill","hd":false},{"ty":"tr","p":{"a":0,"k":[0,0],"ix":2},"a":{"a":0,"k":[0,0],"ix":1},"s":{"a":0,"k":[100,100],"ix":3},"r":{"a":0,"k":0,"ix":6},"o":{"a":0,"k":100,"ix":7},"sk":{"a":0,"k":0,"ix":4},"sa":{"a":0,"k":0,"ix":5},"nm":"Transformar"}],"nm":"Group 2","np":2,"cix":2,"bm":0,"ix":2,"mn":"ADBE Vector Group","hd":false},{"ty":"gr","it":[{"ind":0,"ty":"sh","ix":1,"ks":{"a":0,"k":{"i":[[0,-8.81],[0,0],[-7.99,-0.87],[-0.59,0],[0,0],[0.57,0.07],[0,8.22],[0,0],[-8.81,0],[0,0]],"o":[[0,0],[0,8.22],[0.57,0.07],[0,0],[-0.59,0],[-7.99,-0.87],[0,0],[0,-8.81],[0,0],[-8.81,0]],"v":[[-583,-27.02],[-583,-18.98],[-568.77,-3.1],[-567.02,-3],[-562.02,-3],[-563.77,-3.1],[-577,-18.98],[-577,-27.02],[-562.02,-43],[-567.02,-43]],"c":true},"ix":2},"nm":"Path 1","mn":"ADBE Vector Shape - Group","hd":false},{"ty":"fl","c":{"a":0,"k":[0.537254929543,0.537254929543,0.537254929543,1],"ix":4},"o":{"a":0,"k":100,"ix":5},"r":1,"bm":0,"nm":"Fill 1","mn":"ADBE Vector Graphic - Fill","hd":false},{"ty":"tr","p":{"a":0,"k":[0,0],"ix":2},"a":{"a":0,"k":[0,0],"ix":1},"s":{"a":0,"k":[100,100],"ix":3},"r":{"a":0,"k":0,"ix":6},"o":{"a":0,"k":100,"ix":7},"sk":{"a":0,"k":0,"ix":4},"sa":{"a":0,"k":0,"ix":5},"nm":"Transformar"}],"nm":"Group 3","np":2,"cix":2,"bm":0,"ix":3,"mn":"ADBE Vector Group","hd":false},{"ty":"gr","it":[{"ind":0,"ty":"sh","ix":1,"ks":{"a":0,"k":{"i":[[0,-8.81],[0,0],[7.99,-0.87],[0.59,0],[0,0],[-0.57,0.07],[0,8.22],[0,0],[8.81,0],[0,0]],"o":[[0,0],[0,8.22],[-0.57,0.07],[0,0],[0.59,0],[7.99,-0.87],[0,0],[0,-8.81],[0,0],[8.81,0]],"v":[[-521,-27.02],[-521,-18.98],[-535.23,-3.1],[-536.98,-3],[-543.98,-3],[-542.23,-3.1],[-526,-18.98],[-526,-27.02],[-543.98,-43],[-536.98,-43]],"c":true},"ix":2},"nm":"Path 1","mn":"ADBE Vector Shape - Group","hd":false},{"ty":"fl","c":{"a":0,"k":[0.898039221764,0.898039221764,0.898039221764,1],"ix":4},"o":{"a":0,"k":100,"ix":5},"r":1,"bm":0,"nm":"Fill 1","mn":"ADBE Vector Graphic - Fill","hd":false},{"ty":"tr","p":{"a":0,"k":[0,0],"ix":2},"a":{"a":0,"k":[0,0],"ix":1},"s":{"a":0,"k":[100,100],"ix":3},"r":{"a":0,"k":0,"ix":6},"o":{"a":0,"k":100,"ix":7},"sk":{"a":0,"k":0,"ix":4},"sa":{"a":0,"k":0,"ix":5},"nm":"Transformar"}],"nm":"Group 4","np":2,"cix":2,"bm":0,"ix":4,"mn":"ADBE Vector Group","hd":false},{"ty":"gr","it":[{"ind":0,"ty":"sh","ix":1,"ks":{"a":0,"k":{"i":[[0,-5.95],[0,0],[1.99,-1.96],[0.59,0],[0,0],[0.57,0.07],[0,3.01],[0,0],[-5.95,0],[0,0]],"o":[[0,0],[0,3.01],[-0.57,0.07],[0,0],[-0.59,0],[-1.99,-1.96],[0,0],[0,-5.95],[0,0],[5.95,0]],"v":[[-532,-19.21],[-532,-10.79],[-535.23,-3.1],[-536.98,-3],[-567.02,-3],[-568.77,-3.1],[-572,-10.79],[-572,-19.21],[-561.21,-30],[-542.79,-30]],"c":true},"ix":2},"nm":"Path 1","mn":"ADBE Vector Shape - Group","hd":false},{"ty":"fl","c":{"a":0,"k":[0.976470649242,0.168627455831,0.168627455831,1],"ix":4},"o":{"a":0,"k":100,"ix":5},"r":1,"bm":0,"nm":"Fill 1","mn":"ADBE Vector Graphic - Fill","hd":false},{"ty":"tr","p":{"a":0,"k":[0,0],"ix":2},"a":{"a":0,"k":[0,0],"ix":1},"s":{"a":0,"k":[100,100],"ix":3},"r":{"a":0,"k":0,"ix":6},"o":{"a":0,"k":100,"ix":7},"sk":{"a":0,"k":0,"ix":4},"sa":{"a":0,"k":0,"ix":5},"nm":"Transformar"}],"nm":"Group 5","np":2,"cix":2,"bm":0,"ix":5,"mn":"ADBE Vector Group","hd":false},{"ty":"gr","it":[{"ind":0,"ty":"sh","ix":1,"ks":{"a":0,"k":{"i":[[0,-8.81],[0,0],[7.99,-0.87],[0.59,0],[0,0],[0.57,0.07],[0,8.22],[0,0],[-8.81,0],[0,0]],"o":[[0,0],[0,8.22],[-0.57,0.07],[0,0],[-0.59,0],[-7.99,-0.87],[0,0],[0,-8.81],[0,0],[8.81,0]],"v":[[-521,-27.02],[-521,-18.98],[-535.23,-3.1],[-536.98,-3],[-567.02,-3],[-568.77,-3.1],[-583,-18.98],[-583,-27.02],[-567.02,-43],[-536.98,-43]],"c":true},"ix":2},"nm":"Path 1","mn":"ADBE Vector Shape - Group","hd":false},{"ty":"fl","c":{"a":0,"k":[0.752941191196,0.752941191196,0.752941191196,1],"ix":4},"o":{"a":0,"k":100,"ix":5},"r":1,"bm":0,"nm":"Fill 1","mn":"ADBE Vector Graphic - Fill","hd":false},{"ty":"tr","p":{"a":0,"k":[0,0],"ix":2},"a":{"a":0,"k":[0,0],"ix":1},"s":{"a":0,"k":[100,100],"ix":3},"r":{"a":0,"k":0,"ix":6},"o":{"a":0,"k":100,"ix":7},"sk":{"a":0,"k":0,"ix":4},"sa":{"a":0,"k":0,"ix":5},"nm":"Transformar"}],"nm":"Group 6","np":2,"cix":2,"bm":0,"ix":6,"mn":"ADBE Vector Group","hd":false},{"ty":"tr","p":{"a":0,"k":[0,0],"ix":2},"a":{"a":0,"k":[0,0],"ix":1},"s":{"a":0,"k":[100,100],"ix":3},"r":{"a":0,"k":0,"ix":6},"o":{"a":0,"k":100,"ix":7},"sk":{"a":0,"k":0,"ix":4},"sa":{"a":0,"k":0,"ix":5},"nm":"Transformar"}],"nm":"Group 2","np":6,"cix":2,"bm":0,"ix":2,"mn":"ADBE Vector Group","hd":false},{"ty":"tr","p":{"a":0,"k":[0,0],"ix":2},"a":{"a":0,"k":[0,0],"ix":1},"s":{"a":0,"k":[100,100],"ix":3},"r":{"a":0,"k":0,"ix":6},"o":{"a":0,"k":100,"ix":7},"sk":{"a":0,"k":0,"ix":4},"sa":{"a":0,"k":0,"ix":5},"nm":"Transformar"}],"nm":"Group 4","np":2,"cix":2,"bm":0,"ix":2,"mn":"ADBE Vector Group","hd":false},{"ty":"tr","p":{"a":0,"k":[0,0],"ix":2},"a":{"a":0,"k":[0,0],"ix":1},"s":{"a":0,"k":[100,100],"ix":3},"r":{"a":0,"k":0,"ix":6},"o":{"a":0,"k":100,"ix":7},"sk":{"a":0,"k":0,"ix":4},"sa":{"a":0,"k":0,"ix":5},"nm":"Transformar"}],"nm":"Group 6","np":2,"cix":2,"bm":0,"ix":1,"mn":"ADBE Vector Group","hd":false}],"ip":31.0000012626559,"op":224.000009123707,"st":0,"bm":0},{"ddd":0,"ind":44,"ty":4,"nm":"Ear 4","parent":43,"sr":1,"ks":{"o":{"a":0,"k":100,"ix":11},"r":{"a":0,"k":0,"ix":10},"p":{"a":0,"k":[-522.422,-23.312,0],"ix":2},"a":{"a":0,"k":[231.625,-198.5,0],"ix":1},"s":{"a":0,"k":[12.5,12.5,100],"ix":6}},"ao":0,"shapes":[{"ty":"gr","it":[{"ty":"gr","it":[{"ind":0,"ty":"sh","ix":1,"ks":{"a":0,"k":{"i":[[-17.673,0],[0,0],[0,17.673],[0,0],[17.673,0],[0,0],[0,-17.673],[0,0]],"o":[[0,0],[17.673,0],[0,0],[0,-17.673],[0,0],[-17.673,0],[0,0],[0,17.673]],"v":[[219.625,-122.5],[243.625,-122.5],[275.625,-154.5],[275.625,-242.5],[243.625,-274.5],[219.625,-274.5],[187.625,-242.5],[187.625,-154.5]],"c":true},"ix":2},"nm":"Path 1","mn":"ADBE Vector Shape - Group","hd":false},{"ty":"st","c":{"a":0,"k":[0,0,0,1],"ix":3},"o":{"a":0,"k":100,"ix":4},"w":{"a":0,"k":16,"ix":5},"lc":2,"lj":2,"bm":0,"nm":"Stroke 1","mn":"ADBE Vector Graphic - Stroke","hd":false},{"ty":"tr","p":{"a":0,"k":[0,0],"ix":2},"a":{"a":0,"k":[0,0],"ix":1},"s":{"a":0,"k":[100,100],"ix":3},"r":{"a":0,"k":0,"ix":6},"o":{"a":0,"k":100,"ix":7},"sk":{"a":0,"k":0,"ix":4},"sa":{"a":0,"k":0,"ix":5},"nm":"Transformar"}],"nm":"Group 1","np":2,"cix":2,"bm":0,"ix":1,"mn":"ADBE Vector Group","hd":false},{"ty":"gr","it":[{"ind":0,"ty":"sh","ix":1,"ks":{"a":0,"k":{"i":[[0,-19.28],[0,0],[0.08,-1.36],[15.84,-4.24],[0.8,-0.08],[0,0],[0,0]],"o":[[0,0],[0,1.36],[-1.68,16.72],[-0.8,0.24],[0,0],[0,0],[18.16,3.76]],"v":[[283.625,-242.5],[283.625,-154.5],[283.465,-150.5],[254.025,-115.86],[251.625,-115.38],[251.625,-281.62],[251.865,-281.62]],"c":true},"ix":2},"nm":"Path 1","mn":"ADBE Vector Shape - Group","hd":false},{"ty":"fl","c":{"a":0,"k":[0.8156863451,0.145098045468,0.145098045468,1],"ix":4},"o":{"a":0,"k":100,"ix":5},"r":1,"bm":0,"nm":"Fill 1","mn":"ADBE Vector Graphic - Fill","hd":false},{"ty":"tr","p":{"a":0,"k":[0,0],"ix":2},"a":{"a":0,"k":[0,0],"ix":1},"s":{"a":0,"k":[100,100],"ix":3},"r":{"a":0,"k":0,"ix":6},"o":{"a":0,"k":100,"ix":7},"sk":{"a":0,"k":0,"ix":4},"sa":{"a":0,"k":0,"ix":5},"nm":"Transformar"}],"nm":"Group 2","np":2,"cix":2,"bm":0,"ix":2,"mn":"ADBE Vector Group","hd":false},{"ty":"gr","it":[{"ind":0,"ty":"sh","ix":1,"ks":{"a":0,"k":{"i":[[0,-19.28],[0,0],[0.08,-1.36],[15.84,-4.24],[0.8,-0.08],[2.16,-0.08],[0.56,0],[0,0],[0,22.08],[0,0],[-22.08,0],[0,0],[-2.56,-0.56],[0,0]],"o":[[0,0],[0,1.36],[-1.68,16.72],[-0.8,0.24],[-2,0.48],[-0.56,0.08],[0,0],[-22.08,0],[0,0],[0,-22.08],[0,0],[2.72,0],[0,0],[18.16,3.76]],"v":[[283.625,-242.5],[283.625,-154.5],[283.465,-150.5],[254.025,-115.86],[251.625,-115.38],[245.385,-114.58],[243.625,-114.5],[219.625,-114.5],[179.625,-154.5],[179.625,-242.5],[219.625,-282.5],[243.625,-282.5],[251.625,-281.62],[251.865,-281.62]],"c":true},"ix":2},"nm":"Path 1","mn":"ADBE Vector Shape - Group","hd":false},{"ty":"fl","c":{"a":0,"k":[0.976470649242,0.168627455831,0.168627455831,1],"ix":4},"o":{"a":0,"k":100,"ix":5},"r":1,"bm":0,"nm":"Fill 1","mn":"ADBE Vector Graphic - Fill","hd":false},{"ty":"tr","p":{"a":0,"k":[0,0],"ix":2},"a":{"a":0,"k":[0,0],"ix":1},"s":{"a":0,"k":[100,100],"ix":3},"r":{"a":0,"k":0,"ix":6},"o":{"a":0,"k":100,"ix":7},"sk":{"a":0,"k":0,"ix":4},"sa":{"a":0,"k":0,"ix":5},"nm":"Transformar"}],"nm":"Group 3","np":2,"cix":2,"bm":0,"ix":3,"mn":"ADBE Vector Group","hd":false},{"ty":"tr","p":{"a":0,"k":[0,0],"ix":2},"a":{"a":0,"k":[0,0],"ix":1},"s":{"a":0,"k":[100,100],"ix":3},"r":{"a":0,"k":0,"ix":6},"o":{"a":0,"k":100,"ix":7},"sk":{"a":0,"k":0,"ix":4},"sa":{"a":0,"k":0,"ix":5},"nm":"Transformar"}],"nm":"Ear 2","np":3,"cix":2,"bm":0,"ix":1,"mn":"ADBE Vector Group","hd":false}],"ip":31.0000012626559,"op":224.000009123707,"st":0,"bm":0},{"ddd":0,"ind":46,"ty":4,"nm":"Ear 3","parent":43,"sr":1,"ks":{"o":{"a":0,"k":100,"ix":11},"r":{"a":0,"k":0,"ix":10},"p":{"a":0,"k":[-581.422,-23.312,0],"ix":2},"a":{"a":0,"k":[-240.375,-198.5,0],"ix":1},"s":{"a":0,"k":[12.5,12.5,100],"ix":6}},"ao":0,"shapes":[{"ty":"gr","it":[{"ty":"gr","it":[{"ind":0,"ty":"sh","ix":1,"ks":{"a":0,"k":{"i":[[17.673,0],[0,0],[0,17.673],[0,0],[-17.673,0],[0,0],[0,-17.673],[0,0]],"o":[[0,0],[-17.673,0],[0,0],[0,-17.673],[0,0],[17.673,0],[0,0],[0,17.673]],"v":[[-228.375,-122.5],[-252.375,-122.5],[-284.375,-154.5],[-284.375,-242.5],[-252.375,-274.5],[-228.375,-274.5],[-196.375,-242.5],[-196.375,-154.5]],"c":true},"ix":2},"nm":"Path 1","mn":"ADBE Vector Shape - Group","hd":false},{"ty":"st","c":{"a":0,"k":[0,0,0,1],"ix":3},"o":{"a":0,"k":100,"ix":4},"w":{"a":0,"k":16,"ix":5},"lc":2,"lj":2,"bm":0,"nm":"Stroke 1","mn":"ADBE Vector Graphic - Stroke","hd":false},{"ty":"tr","p":{"a":0,"k":[0,0],"ix":2},"a":{"a":0,"k":[0,0],"ix":1},"s":{"a":0,"k":[100,100],"ix":3},"r":{"a":0,"k":0,"ix":6},"o":{"a":0,"k":100,"ix":7},"sk":{"a":0,"k":0,"ix":4},"sa":{"a":0,"k":0,"ix":5},"nm":"Transformar"}],"nm":"Group 1","np":2,"cix":2,"bm":0,"ix":1,"mn":"ADBE Vector Group","hd":false},{"ty":"gr","it":[{"ind":0,"ty":"sh","ix":1,"ks":{"a":0,"k":{"i":[[0,-19.28],[0,0],[-0.08,-1.36],[-15.84,-4.24],[-0.8,-0.08],[0,0],[0,0]],"o":[[0,0],[0,1.36],[1.68,16.72],[0.8,0.24],[0,0],[0,0],[-18.16,3.76]],"v":[[-292.375,-242.5],[-292.375,-154.5],[-292.215,-150.5],[-262.775,-115.86],[-260.375,-115.38],[-260.375,-281.62],[-260.615,-281.62]],"c":true},"ix":2},"nm":"Path 1","mn":"ADBE Vector Shape - Group","hd":false},{"ty":"fl","c":{"a":0,"k":[0.8156863451,0.145098045468,0.145098045468,1],"ix":4},"o":{"a":0,"k":100,"ix":5},"r":1,"bm":0,"nm":"Fill 1","mn":"ADBE Vector Graphic - Fill","hd":false},{"ty":"tr","p":{"a":0,"k":[0,0],"ix":2},"a":{"a":0,"k":[0,0],"ix":1},"s":{"a":0,"k":[100,100],"ix":3},"r":{"a":0,"k":0,"ix":6},"o":{"a":0,"k":100,"ix":7},"sk":{"a":0,"k":0,"ix":4},"sa":{"a":0,"k":0,"ix":5},"nm":"Transformar"}],"nm":"Group 2","np":2,"cix":2,"bm":0,"ix":2,"mn":"ADBE Vector Group","hd":false},{"ty":"gr","it":[{"ind":0,"ty":"sh","ix":1,"ks":{"a":0,"k":{"i":[[0,-9.04],[0,0],[5.04,-6.64],[3.04,-2.16],[8.96,0],[0,0],[0.64,0.08],[1.52,0.32],[0.4,0.08],[0,19.36],[0,0],[-18.24,3.68],[-0.4,0],[-2.32,0],[0,0],[-6.72,-5.2],[-2.24,-3.04]],"o":[[0,0],[0,9.04],[-2.24,3.04],[-6.72,5.2],[0,0],[-0.72,0],[-1.6,-0.08],[-0.4,0],[-18.24,-3.68],[0,0],[0,-19.36],[0.4,-0.08],[2.16,-0.48],[0,0],[8.96,0],[3.04,2.16],[5.04,6.64]],"v":[[-188.375,-242.5],[-188.375,-154.5],[-196.375,-130.5],[-204.375,-122.66],[-228.375,-114.5],[-252.375,-114.5],[-254.455,-114.58],[-259.175,-115.14],[-260.375,-115.3],[-292.375,-154.5],[-292.375,-242.5],[-260.375,-281.7],[-259.175,-281.86],[-252.375,-282.5],[-228.375,-282.5],[-204.375,-274.34],[-196.375,-266.5]],"c":true},"ix":2},"nm":"Path 1","mn":"ADBE Vector Shape - Group","hd":false},{"ty":"fl","c":{"a":0,"k":[0.976470649242,0.168627455831,0.168627455831,1],"ix":4},"o":{"a":0,"k":100,"ix":5},"r":1,"bm":0,"nm":"Fill 1","mn":"ADBE Vector Graphic - Fill","hd":false},{"ty":"tr","p":{"a":0,"k":[0,0],"ix":2},"a":{"a":0,"k":[0,0],"ix":1},"s":{"a":0,"k":[100,100],"ix":3},"r":{"a":0,"k":0,"ix":6},"o":{"a":0,"k":100,"ix":7},"sk":{"a":0,"k":0,"ix":4},"sa":{"a":0,"k":0,"ix":5},"nm":"Transformar"}],"nm":"Group 3","np":2,"cix":2,"bm":0,"ix":3,"mn":"ADBE Vector Group","hd":false},{"ty":"tr","p":{"a":0,"k":[0,0],"ix":2},"a":{"a":0,"k":[0,0],"ix":1},"s":{"a":0,"k":[100,100],"ix":3},"r":{"a":0,"k":0,"ix":6},"o":{"a":0,"k":100,"ix":7},"sk":{"a":0,"k":0,"ix":4},"sa":{"a":0,"k":0,"ix":5},"nm":"Transformar"}],"nm":"Ear 1","np":3,"cix":2,"bm":0,"ix":1,"mn":"ADBE Vector Group","hd":false}],"ip":31.0000012626559,"op":224.000009123707,"st":0,"bm":0}]}],"layers":[{"ddd":0,"ind":1,"ty":0,"nm":"Pre-comp 1","refId":"comp_0","sr":1,"ks":{"o":{"a":0,"k":100,"ix":11},"r":{"a":0,"k":0,"ix":10},"p":{"a":0,"k":[206.5,194,0],"ix":2},"a":{"a":0,"k":[500,519,0],"ix":1},"s":{"a":0,"k":[48,48,100],"ix":6}},"ao":0,"w":1000,"h":1038,"ip":0,"op":565.000023012922,"st":0,"bm":0}],"markers":[]}