{"v":"4.8.0","meta":{"g":"LottieFiles AE 3.0.2","a":"","k":"","d":"","tc":""},"fr":60,"ip":0,"op":240,"w":512,"h":512,"nm":"02. Token","ddd":0,"assets":[{"id":"comp_0","layers":[{"ddd":0,"ind":1,"ty":3,"nm":"Null 1","sr":1,"ks":{"o":{"a":0,"k":0,"ix":11},"r":{"a":0,"k":0,"ix":10},"p":{"a":0,"k":[256,256,0],"ix":2},"a":{"a":0,"k":[0,0,0],"ix":1},"s":{"a":1,"k":[{"i":{"x":[0.2,0.2,0.667],"y":[1,1,1]},"o":{"x":[0.8,0.8,0.333],"y":[0,0,0]},"t":0,"s":[100,100,100]},{"i":{"x":[0.2,0.2,0.667],"y":[1,1,1]},"o":{"x":[0.167,0.167,0.167],"y":[0,0,0]},"t":60,"s":[90,90,100]},{"i":{"x":[0.2,0.2,0.833],"y":[1,1,1]},"o":{"x":[0.8,0.8,0.167],"y":[0,0,0]},"t":150,"s":[90,90,100]},{"t":240,"s":[100,100,100]}],"ix":6}},"ao":0,"ip":0,"op":241,"st":0,"bm":0},{"ddd":0,"ind":2,"ty":4,"nm":"Coin $","parent":3,"sr":1,"ks":{"o":{"a":0,"k":100,"ix":11},"r":{"a":0,"k":0,"ix":10},"p":{"a":0,"k":[248.083,131.401,0],"ix":2},"a":{"a":0,"k":[69.533,13.805,0],"ix":1},"s":{"a":0,"k":[970,970,100],"ix":6}},"ao":0,"shapes":[{"ty":"gr","it":[{"ty":"gr","it":[{"ty":"gr","it":[{"ind":0,"ty":"sh","ix":1,"ks":{"a":0,"k":{"i":[[0,0],[0,0]],"o":[[0,0],[0,0]],"v":[[69.534,20.566],[69.534,18.427]],"c":false},"ix":2},"nm":"Path 1","mn":"ADBE Vector Shape - Group","hd":false},{"ty":"st","c":{"a":0,"k":[0,0,0,1],"ix":3},"o":{"a":0,"k":100,"ix":4},"w":{"a":0,"k":1,"ix":5},"lc":1,"lj":1,"ml":10,"bm":0,"nm":"Stroke 1","mn":"ADBE Vector Graphic - Stroke","hd":false},{"ty":"tr","p":{"a":0,"k":[0,0],"ix":2},"a":{"a":0,"k":[0,0],"ix":1},"s":{"a":0,"k":[100,100],"ix":3},"r":{"a":0,"k":0,"ix":6},"o":{"a":0,"k":100,"ix":7},"sk":{"a":0,"k":0,"ix":4},"sa":{"a":0,"k":0,"ix":5},"nm":"Transformar"}],"nm":"Group 46","np":2,"cix":2,"bm":0,"ix":1,"mn":"ADBE Vector Group","hd":false},{"ty":"gr","it":[{"ind":0,"ty":"sh","ix":1,"ks":{"a":0,"k":{"i":[[0,0],[0,0]],"o":[[0,0],[0,0]],"v":[[69.534,9.183],[69.534,7.044]],"c":false},"ix":2},"nm":"Path 1","mn":"ADBE Vector Shape - Group","hd":false},{"ty":"st","c":{"a":0,"k":[0,0,0,1],"ix":3},"o":{"a":0,"k":100,"ix":4},"w":{"a":0,"k":1,"ix":5},"lc":1,"lj":1,"ml":10,"bm":0,"nm":"Stroke 1","mn":"ADBE Vector Graphic - Stroke","hd":false},{"ty":"tr","p":{"a":0,"k":[0,0],"ix":2},"a":{"a":0,"k":[0,0],"ix":1},"s":{"a":0,"k":[100,100],"ix":3},"r":{"a":0,"k":0,"ix":6},"o":{"a":0,"k":100,"ix":7},"sk":{"a":0,"k":0,"ix":4},"sa":{"a":0,"k":0,"ix":5},"nm":"Transformar"}],"nm":"Group 47","np":2,"cix":2,"bm":0,"ix":2,"mn":"ADBE Vector Group","hd":false},{"ty":"gr","it":[{"ind":0,"ty":"sh","ix":1,"ks":{"a":0,"k":{"i":[[0,0],[0,0],[1.304,0],[0,-1.304],[-1.296,0],[0,0],[0,-1.2],[1.304,0],[0,1.305]],"o":[[0,0],[0,-1.304],[-1.305,0],[0,1.297],[0,0],[1.199,0],[0,1.305],[-1.305,0],[0,0]],"v":[[2.362,-2.213],[2.362,-2.261],[0,-4.622],[-2.362,-2.261],[-0.013,0.088],[0.189,0.088],[2.362,2.26],[0,4.622],[-2.362,2.26]],"c":false},"ix":2},"nm":"Path 1","mn":"ADBE Vector Shape - Group","hd":false},{"ty":"st","c":{"a":0,"k":[0,0,0,1],"ix":3},"o":{"a":0,"k":100,"ix":4},"w":{"a":0,"k":1,"ix":5},"lc":1,"lj":1,"ml":10,"bm":0,"nm":"Stroke 1","mn":"ADBE Vector Graphic - Stroke","hd":false},{"ty":"tr","p":{"a":0,"k":[69.534,13.805],"ix":2},"a":{"a":0,"k":[0,0],"ix":1},"s":{"a":0,"k":[100,100],"ix":3},"r":{"a":0,"k":0,"ix":6},"o":{"a":0,"k":100,"ix":7},"sk":{"a":0,"k":0,"ix":4},"sa":{"a":0,"k":0,"ix":5},"nm":"Transformar"}],"nm":"Group 49","np":2,"cix":2,"bm":0,"ix":3,"mn":"ADBE Vector Group","hd":false},{"ty":"tr","p":{"a":0,"k":[69.534,13.805],"ix":2},"a":{"a":0,"k":[69.534,13.805],"ix":1},"s":{"a":0,"k":[100,100],"ix":3},"r":{"a":0,"k":0,"ix":6},"o":{"a":0,"k":100,"ix":7},"sk":{"a":0,"k":0,"ix":4},"sa":{"a":0,"k":0,"ix":5},"nm":"Transformar"}],"nm":"$","np":3,"cix":2,"bm":0,"ix":1,"mn":"ADBE Vector Group","hd":false},{"ty":"gr","it":[{"ind":0,"ty":"sh","ix":1,"ks":{"a":0,"k":{"i":[[5.269,0],[1.804,1.805],[0,2.553],[-5.27,0],[-1.805,-1.805],[0,-2.553]],"o":[[-2.553,0],[-1.806,-1.805],[0,-5.269],[2.552,0],[1.805,1.805],[0,5.269]],"v":[[0,9.556],[-6.757,6.757],[-9.556,0],[0,-9.556],[6.757,-6.757],[9.556,0]],"c":true},"ix":2},"nm":"Path 1","mn":"ADBE Vector Shape - Group","hd":false},{"ty":"fl","c":{"a":0,"k":[1,0.830932617188,0.321990966797,1],"ix":4},"o":{"a":0,"k":100,"ix":5},"r":1,"bm":0,"nm":"Fill 1","mn":"ADBE Vector Graphic - Fill","hd":false},{"ty":"tr","p":{"a":0,"k":[69.534,13.805],"ix":2},"a":{"a":0,"k":[0,0],"ix":1},"s":{"a":0,"k":[100,100],"ix":3},"r":{"a":0,"k":0,"ix":6},"o":{"a":0,"k":100,"ix":7},"sk":{"a":0,"k":0,"ix":4},"sa":{"a":0,"k":0,"ix":5},"nm":"Transformar"}],"nm":"Group 49","np":2,"cix":2,"bm":0,"ix":2,"mn":"ADBE Vector Group","hd":false},{"ty":"gr","it":[{"ind":0,"ty":"sh","ix":1,"ks":{"a":0,"k":{"i":[[0,-6.244],[6.243,0],[0,6.244],[-6.243,0]],"o":[[0,6.244],[-6.243,0],[0,-6.243],[6.243,0]],"v":[[11.305,0],[0,11.305],[-11.305,0],[0,-11.305]],"c":true},"ix":2},"nm":"Path 1","mn":"ADBE Vector Shape - Group","hd":false},{"ty":"st","c":{"a":0,"k":[0,0,0,1],"ix":3},"o":{"a":0,"k":100,"ix":4},"w":{"a":0,"k":1,"ix":5},"lc":1,"lj":1,"ml":10,"bm":0,"nm":"Stroke 1","mn":"ADBE Vector Graphic - Stroke","hd":false},{"ty":"tr","p":{"a":0,"k":[69.533,13.805],"ix":2},"a":{"a":0,"k":[0,0],"ix":1},"s":{"a":0,"k":[100,100],"ix":3},"r":{"a":0,"k":0,"ix":6},"o":{"a":0,"k":100,"ix":7},"sk":{"a":0,"k":0,"ix":4},"sa":{"a":0,"k":0,"ix":5},"nm":"Transformar"}],"nm":"Group 50","np":2,"cix":2,"bm":0,"ix":3,"mn":"ADBE Vector Group","hd":false},{"ty":"tr","p":{"a":0,"k":[-119.366,29.605],"ix":2},"a":{"a":0,"k":[-119.366,29.605],"ix":1},"s":{"a":0,"k":[100,100],"ix":3},"r":{"a":0,"k":0,"ix":6},"o":{"a":0,"k":100,"ix":7},"sk":{"a":0,"k":0,"ix":4},"sa":{"a":0,"k":0,"ix":5},"nm":"Transformar"}],"nm":"Coin $","np":3,"cix":2,"bm":0,"ix":1,"mn":"ADBE Vector Group","hd":false},{"ty":"fl","c":{"a":0,"k":[0.988220214844,0.866638183594,0.525482177734,1],"ix":4},"o":{"a":0,"k":100,"ix":5},"r":1,"bm":0,"nm":"Fill 1","mn":"ADBE Vector Graphic - Fill","hd":false}],"ip":0,"op":120,"st":1,"bm":0},{"ddd":0,"ind":3,"ty":3,"nm":"token","parent":1,"sr":1,"ks":{"o":{"a":0,"k":100,"ix":11},"r":{"a":1,"k":[{"i":{"x":[0.2],"y":[1]},"o":{"x":[0.333],"y":[0]},"t":60,"s":[0]},{"i":{"x":[0.667],"y":[1]},"o":{"x":[0.8],"y":[0]},"t":70,"s":[-21]},{"t":90,"s":[235]}],"ix":10},"p":{"a":1,"k":[{"i":{"x":0.667,"y":1},"o":{"x":0.333,"y":0},"t":70,"s":[-7.54,-112.06,0],"to":[97.735,-19.859,0],"ti":[100.85,-32.708,0]},{"t":90,"s":[36.85,52.649,0]}],"ix":2},"a":{"a":0,"k":[248.46,143.94,0],"ix":1},"s":{"a":1,"k":[{"i":{"x":[0.2,0.2,0.667],"y":[1,1,1]},"o":{"x":[0.333,0.333,0.333],"y":[0,0,0]},"t":60,"s":[100,100,100]},{"i":{"x":[0.667,0.667,0.667],"y":[1,1,1]},"o":{"x":[0.8,0.8,0.333],"y":[0,0,0]},"t":70,"s":[110,110,100]},{"t":90,"s":[0,0,100]}],"ix":6}},"ao":0,"ip":0,"op":120,"st":0,"bm":0},{"ddd":0,"ind":4,"ty":4,"nm":"coin 1","parent":1,"sr":1,"ks":{"o":{"a":0,"k":100,"ix":11},"r":{"a":1,"k":[{"i":{"x":[0.667],"y":[1]},"o":{"x":[0.333],"y":[0]},"t":93,"s":[0]},{"i":{"x":[0.667],"y":[1]},"o":{"x":[0.333],"y":[0]},"t":113,"s":[5]},{"i":{"x":[0.667],"y":[1]},"o":{"x":[0.333],"y":[0]},"t":123,"s":[-5]},{"i":{"x":[0.667],"y":[1]},"o":{"x":[0.333],"y":[0]},"t":137,"s":[2.5]},{"t":153,"s":[0]}],"ix":10},"p":{"a":1,"k":[{"i":{"x":0.667,"y":1},"o":{"x":0.513,"y":0},"t":63,"s":[83.117,220.638,0],"to":[0,-1.728,0],"ti":[0,-1.947,0]},{"i":{"x":0.415,"y":1},"o":{"x":0.297,"y":0},"t":73,"s":[83.117,232.319,0],"to":[0,0.461,0],"ti":[0,0.987,0]},{"i":{"x":0.833,"y":0.833},"o":{"x":0.585,"y":0},"t":93,"s":[83.117,199.611,0],"to":[0,-1.069,0],"ti":[0,1.486,0]},{"i":{"x":0.487,"y":1},"o":{"x":0.167,"y":0.167},"t":113,"s":[83.117,232.319,0],"to":[0,-1.947,0],"ti":[0,-1.58,0]},{"t":123,"s":[83.117,220.638,0]}],"ix":2},"a":{"a":0,"k":[339.117,476.638,0],"ix":1},"s":{"a":0,"k":[100,100,100],"ix":6}},"ao":0,"shapes":[{"ty":"gr","it":[{"ind":0,"ty":"sh","ix":1,"ks":{"a":0,"k":{"i":[[7.833,0],[0,0],[0,7.833],[0,0],[-7.833,0],[0,0],[0,-7.833],[0,0]],"o":[[0,0],[-7.833,0],[0,0],[0,-7.833],[0,0],[7.833,0],[0,0],[0,7.833]],"v":[[96.05,24.011],[-96.05,24.011],[-110.232,9.829],[-110.232,-9.829],[-96.05,-24.011],[96.05,-24.011],[110.232,-9.829],[110.232,9.829]],"c":true},"ix":2},"nm":"Path 1","mn":"ADBE Vector Shape - Group","hd":false},{"ty":"st","c":{"a":0,"k":[0,0,0,1],"ix":3},"o":{"a":0,"k":100,"ix":4},"w":{"a":0,"k":9.766,"ix":5},"lc":2,"lj":2,"bm":0,"nm":"Stroke 1","mn":"ADBE Vector Graphic - Stroke","hd":false},{"ty":"tr","p":{"a":0,"k":[339.117,476.638],"ix":2},"a":{"a":0,"k":[0,0],"ix":1},"s":{"a":0,"k":[100,100],"ix":3},"r":{"a":0,"k":0,"ix":6},"o":{"a":0,"k":100,"ix":7},"sk":{"a":0,"k":0,"ix":4},"sa":{"a":0,"k":0,"ix":5},"nm":"Transformar"}],"nm":"Group 1","np":2,"cix":2,"bm":0,"ix":1,"mn":"ADBE Vector Group","hd":false},{"ty":"gr","it":[{"ind":0,"ty":"sh","ix":1,"ks":{"a":0,"k":{"i":[[7.833,0],[0,0],[0,7.833],[0,0],[-7.833,0],[0,0],[0,-7.833],[0,0]],"o":[[0,0],[-7.833,0],[0,0],[0,-7.833],[0,0],[7.833,0],[0,0],[0,7.833]],"v":[[96.05,24.011],[-96.05,24.011],[-110.232,9.829],[-110.232,-9.829],[-96.05,-24.011],[96.05,-24.011],[110.232,-9.829],[110.232,9.829]],"c":true},"ix":2},"nm":"Path 1","mn":"ADBE Vector Shape - Group","hd":false},{"ty":"fl","c":{"a":0,"k":[0.960784316063,0.784313738346,0.298039227724,1],"ix":4},"o":{"a":0,"k":100,"ix":5},"r":1,"bm":0,"nm":"Fill 1","mn":"ADBE Vector Graphic - Fill","hd":false},{"ty":"tr","p":{"a":0,"k":[339.117,476.638],"ix":2},"a":{"a":0,"k":[0,0],"ix":1},"s":{"a":0,"k":[100,100],"ix":3},"r":{"a":0,"k":0,"ix":6},"o":{"a":0,"k":100,"ix":7},"sk":{"a":0,"k":0,"ix":4},"sa":{"a":0,"k":0,"ix":5},"nm":"Transformar"}],"nm":"Group 2","np":2,"cix":2,"bm":0,"ix":2,"mn":"ADBE Vector Group","hd":false}],"ip":0,"op":241,"st":0,"bm":0},{"ddd":0,"ind":5,"ty":4,"nm":"coin 2","parent":1,"sr":1,"ks":{"o":{"a":0,"k":100,"ix":11},"r":{"a":1,"k":[{"i":{"x":[0.667],"y":[1]},"o":{"x":[0.333],"y":[0]},"t":96,"s":[0]},{"i":{"x":[0.667],"y":[1]},"o":{"x":[0.333],"y":[0]},"t":116,"s":[5]},{"i":{"x":[0.667],"y":[1]},"o":{"x":[0.333],"y":[0]},"t":126,"s":[-5]},{"i":{"x":[0.667],"y":[1]},"o":{"x":[0.333],"y":[0]},"t":140,"s":[2.5]},{"t":156,"s":[0]}],"ix":10},"p":{"a":1,"k":[{"i":{"x":0.667,"y":1},"o":{"x":0.512,"y":0},"t":66,"s":[83.117,172.616,0],"to":[0,-2.38,0],"ti":[0,-1.947,0]},{"i":{"x":0.393,"y":1},"o":{"x":0.297,"y":0},"t":76,"s":[83.117,184.298,0],"to":[0,0.434,0],"ti":[0,1.082,0]},{"i":{"x":0.833,"y":0.833},"o":{"x":0.574,"y":0},"t":96,"s":[83.117,140.478,0],"to":[0,-1.025,0],"ti":[0,1.513,0]},{"i":{"x":0.488,"y":1},"o":{"x":0.167,"y":0.167},"t":116,"s":[83.117,184.298,0],"to":[0,-1.947,0],"ti":[0,-2.536,0]},{"t":126,"s":[83.117,172.616,0]}],"ix":2},"a":{"a":0,"k":[339.117,428.616,0],"ix":1},"s":{"a":0,"k":[100,100,100],"ix":6}},"ao":0,"shapes":[{"ty":"gr","it":[{"ind":0,"ty":"sh","ix":1,"ks":{"a":0,"k":{"i":[[7.833,0],[0,0],[0,7.833],[0,0],[-7.833,0],[0,0],[0,-7.833],[0,0]],"o":[[0,0],[-7.833,0],[0,0],[0,-7.833],[0,0],[7.833,0],[0,0],[0,7.833]],"v":[[96.05,24.011],[-96.05,24.011],[-110.232,9.829],[-110.232,-9.829],[-96.05,-24.011],[96.05,-24.011],[110.232,-9.829],[110.232,9.829]],"c":true},"ix":2},"nm":"Path 1","mn":"ADBE Vector Shape - Group","hd":false},{"ty":"st","c":{"a":0,"k":[0,0,0,1],"ix":3},"o":{"a":0,"k":100,"ix":4},"w":{"a":0,"k":9.766,"ix":5},"lc":2,"lj":2,"bm":0,"nm":"Stroke 1","mn":"ADBE Vector Graphic - Stroke","hd":false},{"ty":"tr","p":{"a":0,"k":[339.117,428.616],"ix":2},"a":{"a":0,"k":[0,0],"ix":1},"s":{"a":0,"k":[100,100],"ix":3},"r":{"a":0,"k":0,"ix":6},"o":{"a":0,"k":100,"ix":7},"sk":{"a":0,"k":0,"ix":4},"sa":{"a":0,"k":0,"ix":5},"nm":"Transformar"}],"nm":"Group 1","np":2,"cix":2,"bm":0,"ix":1,"mn":"ADBE Vector Group","hd":false},{"ty":"gr","it":[{"ind":0,"ty":"sh","ix":1,"ks":{"a":0,"k":{"i":[[7.833,0],[0,0],[0,7.833],[0,0],[-7.833,0],[0,0],[0,-7.833],[0,0]],"o":[[0,0],[-7.833,0],[0,0],[0,-7.833],[0,0],[7.833,0],[0,0],[0,7.833]],"v":[[96.05,24.011],[-96.05,24.011],[-110.232,9.829],[-110.232,-9.829],[-96.05,-24.011],[96.05,-24.011],[110.232,-9.829],[110.232,9.829]],"c":true},"ix":2},"nm":"Path 1","mn":"ADBE Vector Shape - Group","hd":false},{"ty":"fl","c":{"a":0,"k":[0.988235294819,0.866666674614,0.525490224361,1],"ix":4},"o":{"a":0,"k":100,"ix":5},"r":1,"bm":0,"nm":"Fill 1","mn":"ADBE Vector Graphic - Fill","hd":false},{"ty":"tr","p":{"a":0,"k":[339.117,428.616],"ix":2},"a":{"a":0,"k":[0,0],"ix":1},"s":{"a":0,"k":[100,100],"ix":3},"r":{"a":0,"k":0,"ix":6},"o":{"a":0,"k":100,"ix":7},"sk":{"a":0,"k":0,"ix":4},"sa":{"a":0,"k":0,"ix":5},"nm":"Transformar"}],"nm":"Group 2","np":2,"cix":2,"bm":0,"ix":2,"mn":"ADBE Vector Group","hd":false}],"ip":0,"op":241,"st":1,"bm":0},{"ddd":0,"ind":6,"ty":4,"nm":"coin 3","parent":1,"sr":1,"ks":{"o":{"a":0,"k":100,"ix":11},"r":{"a":1,"k":[{"i":{"x":[0.667],"y":[1]},"o":{"x":[0.333],"y":[0]},"t":99,"s":[0]},{"i":{"x":[0.667],"y":[1]},"o":{"x":[0.333],"y":[0]},"t":119,"s":[5]},{"i":{"x":[0.667],"y":[1]},"o":{"x":[0.333],"y":[0]},"t":129,"s":[-5]},{"i":{"x":[0.667],"y":[1]},"o":{"x":[0.333],"y":[0]},"t":143,"s":[2.5]},{"t":159,"s":[0]}],"ix":10},"p":{"a":1,"k":[{"i":{"x":0.667,"y":1},"o":{"x":0.508,"y":0},"t":69,"s":[83.117,124.594,0],"to":[0,-2.846,0],"ti":[0,-1.947,0]},{"i":{"x":0.368,"y":1},"o":{"x":0.297,"y":0},"t":79,"s":[83.117,136.276,0],"to":[0,0.407,0],"ti":[0,1.178,0]},{"i":{"x":0.833,"y":0.833},"o":{"x":0.564,"y":0},"t":99,"s":[83.117,81.345,0],"to":[0,-0.984,0],"ti":[0,1.54,0]},{"i":{"x":0.49,"y":1},"o":{"x":0.167,"y":0.167},"t":119,"s":[83.117,136.276,0],"to":[0,-1.947,0],"ti":[0,-3.566,0]},{"t":129,"s":[83.117,124.594,0]}],"ix":2},"a":{"a":0,"k":[339.117,380.594,0],"ix":1},"s":{"a":0,"k":[100,100,100],"ix":6}},"ao":0,"shapes":[{"ty":"gr","it":[{"ind":0,"ty":"sh","ix":1,"ks":{"a":0,"k":{"i":[[7.833,0],[0,0],[0,7.833],[0,0],[-7.833,0],[0,0],[0,-7.833],[0,0]],"o":[[0,0],[-7.833,0],[0,0],[0,-7.833],[0,0],[7.833,0],[0,0],[0,7.833]],"v":[[96.05,24.011],[-96.05,24.011],[-110.232,9.829],[-110.232,-9.829],[-96.05,-24.011],[96.05,-24.011],[110.232,-9.829],[110.232,9.829]],"c":true},"ix":2},"nm":"Path 1","mn":"ADBE Vector Shape - Group","hd":false},{"ty":"st","c":{"a":0,"k":[0,0,0,1],"ix":3},"o":{"a":0,"k":100,"ix":4},"w":{"a":0,"k":9.766,"ix":5},"lc":2,"lj":2,"bm":0,"nm":"Stroke 1","mn":"ADBE Vector Graphic - Stroke","hd":false},{"ty":"tr","p":{"a":0,"k":[339.117,380.594],"ix":2},"a":{"a":0,"k":[0,0],"ix":1},"s":{"a":0,"k":[100,100],"ix":3},"r":{"a":0,"k":0,"ix":6},"o":{"a":0,"k":100,"ix":7},"sk":{"a":0,"k":0,"ix":4},"sa":{"a":0,"k":0,"ix":5},"nm":"Transformar"}],"nm":"Group 1","np":2,"cix":2,"bm":0,"ix":1,"mn":"ADBE Vector Group","hd":false},{"ty":"gr","it":[{"ind":0,"ty":"sh","ix":1,"ks":{"a":0,"k":{"i":[[7.833,0],[0,0],[0,7.833],[0,0],[-7.833,0],[0,0],[0,-7.833],[0,0]],"o":[[0,0],[-7.833,0],[0,0],[0,-7.833],[0,0],[7.833,0],[0,0],[0,7.833]],"v":[[96.05,24.011],[-96.05,24.011],[-110.232,9.829],[-110.232,-9.829],[-96.05,-24.011],[96.05,-24.011],[110.232,-9.829],[110.232,9.829]],"c":true},"ix":2},"nm":"Path 1","mn":"ADBE Vector Shape - Group","hd":false},{"ty":"fl","c":{"a":0,"k":[0.960784316063,0.784313738346,0.298039227724,1],"ix":4},"o":{"a":0,"k":100,"ix":5},"r":1,"bm":0,"nm":"Fill 1","mn":"ADBE Vector Graphic - Fill","hd":false},{"ty":"tr","p":{"a":0,"k":[339.117,380.594],"ix":2},"a":{"a":0,"k":[0,0],"ix":1},"s":{"a":0,"k":[100,100],"ix":3},"r":{"a":0,"k":0,"ix":6},"o":{"a":0,"k":100,"ix":7},"sk":{"a":0,"k":0,"ix":4},"sa":{"a":0,"k":0,"ix":5},"nm":"Transformar"}],"nm":"Group 2","np":2,"cix":2,"bm":0,"ix":2,"mn":"ADBE Vector Group","hd":false}],"ip":0,"op":241,"st":2,"bm":0},{"ddd":0,"ind":7,"ty":4,"nm":"coin 8","parent":1,"sr":1,"ks":{"o":{"a":0,"k":100,"ix":11},"r":{"a":1,"k":[{"i":{"x":[0.667],"y":[1]},"o":{"x":[0.333],"y":[0]},"t":102,"s":[0]},{"i":{"x":[0.667],"y":[1]},"o":{"x":[0.333],"y":[0]},"t":122,"s":[5]},{"i":{"x":[0.667],"y":[1]},"o":{"x":[0.333],"y":[0]},"t":132,"s":[-5]},{"i":{"x":[0.667],"y":[1]},"o":{"x":[0.333],"y":[0]},"t":146,"s":[2.5]},{"t":162,"s":[0]}],"ix":10},"p":{"a":1,"k":[{"i":{"x":0.667,"y":1},"o":{"x":0.499,"y":0},"t":72,"s":[-188.643,52.561,0],"to":[0,-4.642,0],"ti":[0,-1.947,0]},{"i":{"x":0.34,"y":1},"o":{"x":0.297,"y":0},"t":82,"s":[-188.643,64.243,0],"to":[0,0.384,0],"ti":[0,1.287,0]},{"i":{"x":0.833,"y":0.833},"o":{"x":0.553,"y":0},"t":102,"s":[-188.643,-29.577,0],"to":[0,-0.937,0],"ti":[0,1.563,0]},{"i":{"x":0.492,"y":1},"o":{"x":0.167,"y":0.167},"t":122,"s":[-188.643,64.243,0],"to":[0,-1.947,0],"ti":[0,-7.098,0]},{"t":132,"s":[-188.643,52.561,0]}],"ix":2},"a":{"a":0,"k":[67.357,308.561,0],"ix":1},"s":{"a":0,"k":[100,100,100],"ix":6}},"ao":0,"shapes":[{"ty":"gr","it":[{"ind":0,"ty":"sh","ix":1,"ks":{"a":0,"k":{"i":[[7.833,0],[0,0],[0,7.833],[0,0],[-7.833,0],[0,0],[0,-7.833],[0,0]],"o":[[0,0],[-7.833,0],[0,0],[0,-7.833],[0,0],[7.833,0],[0,0],[0,7.833]],"v":[[96.05,24.011],[-96.05,24.011],[-110.232,9.829],[-110.232,-9.829],[-96.05,-24.011],[96.05,-24.011],[110.232,-9.829],[110.232,9.829]],"c":true},"ix":2},"nm":"Path 1","mn":"ADBE Vector Shape - Group","hd":false},{"ty":"st","c":{"a":0,"k":[0,0,0,1],"ix":3},"o":{"a":0,"k":100,"ix":4},"w":{"a":0,"k":9.766,"ix":5},"lc":2,"lj":2,"bm":0,"nm":"Stroke 1","mn":"ADBE Vector Graphic - Stroke","hd":false},{"ty":"tr","p":{"a":0,"k":[177.589,284.55],"ix":2},"a":{"a":0,"k":[0,0],"ix":1},"s":{"a":0,"k":[100,100],"ix":3},"r":{"a":0,"k":0,"ix":6},"o":{"a":0,"k":100,"ix":7},"sk":{"a":0,"k":0,"ix":4},"sa":{"a":0,"k":0,"ix":5},"nm":"Transformar"}],"nm":"Group 1","np":2,"cix":2,"bm":0,"ix":1,"mn":"ADBE Vector Group","hd":false},{"ty":"gr","it":[{"ind":0,"ty":"sh","ix":1,"ks":{"a":0,"k":{"i":[[7.833,0],[0,0],[0,7.833],[0,0],[-7.833,0],[0,0],[0,-7.833],[0,0]],"o":[[0,0],[-7.833,0],[0,0],[0,-7.833],[0,0],[7.833,0],[0,0],[0,7.833]],"v":[[96.05,24.011],[-96.05,24.011],[-110.232,9.829],[-110.232,-9.829],[-96.05,-24.011],[96.05,-24.011],[110.232,-9.829],[110.232,9.829]],"c":true},"ix":2},"nm":"Path 1","mn":"ADBE Vector Shape - Group","hd":false},{"ty":"fl","c":{"a":0,"k":[0.988235294819,0.866666674614,0.525490224361,1],"ix":4},"o":{"a":0,"k":100,"ix":5},"r":1,"bm":0,"nm":"Fill 1","mn":"ADBE Vector Graphic - Fill","hd":false},{"ty":"tr","p":{"a":0,"k":[177.589,284.55],"ix":2},"a":{"a":0,"k":[0,0],"ix":1},"s":{"a":0,"k":[100,100],"ix":3},"r":{"a":0,"k":0,"ix":6},"o":{"a":0,"k":100,"ix":7},"sk":{"a":0,"k":0,"ix":4},"sa":{"a":0,"k":0,"ix":5},"nm":"Transformar"}],"nm":"Group 2","np":2,"cix":2,"bm":0,"ix":2,"mn":"ADBE Vector Group","hd":false}],"ip":0,"op":241,"st":3,"bm":0},{"ddd":0,"ind":8,"ty":4,"nm":"coin 7","parent":1,"sr":1,"ks":{"o":{"a":0,"k":100,"ix":11},"r":{"a":1,"k":[{"i":{"x":[0.667],"y":[1]},"o":{"x":[0.333],"y":[0]},"t":99,"s":[0]},{"i":{"x":[0.667],"y":[1]},"o":{"x":[0.333],"y":[0]},"t":119,"s":[5]},{"i":{"x":[0.667],"y":[1]},"o":{"x":[0.333],"y":[0]},"t":129,"s":[-5]},{"i":{"x":[0.667],"y":[1]},"o":{"x":[0.333],"y":[0]},"t":143,"s":[2.5]},{"t":159,"s":[0]}],"ix":10},"p":{"a":1,"k":[{"i":{"x":0.667,"y":1},"o":{"x":0.499,"y":0},"t":69,"s":[-188.643,100.583,0],"to":[0,-3.401,0],"ti":[0,-1.947,0]},{"i":{"x":0.34,"y":1},"o":{"x":0.297,"y":0},"t":79,"s":[-188.643,112.265,0],"to":[0,0.384,0],"ti":[0,1.284,0]},{"i":{"x":0.833,"y":0.833},"o":{"x":0.553,"y":0},"t":99,"s":[-188.643,40.667,0],"to":[0,-0.942,0],"ti":[0,1.563,0]},{"i":{"x":0.492,"y":1},"o":{"x":0.167,"y":0.167},"t":119,"s":[-188.643,112.265,0],"to":[0,-1.947,0],"ti":[0,-5.155,0]},{"t":129,"s":[-188.643,100.583,0]}],"ix":2},"a":{"a":0,"k":[67.357,356.583,0],"ix":1},"s":{"a":0,"k":[100,100,100],"ix":6}},"ao":0,"shapes":[{"ty":"gr","it":[{"ind":0,"ty":"sh","ix":1,"ks":{"a":0,"k":{"i":[[7.833,0],[0,0],[0,7.833],[0,0],[-7.833,0],[0,0],[0,-7.833],[0,0]],"o":[[0,0],[-7.833,0],[0,0],[0,-7.833],[0,0],[7.833,0],[0,0],[0,7.833]],"v":[[96.05,24.011],[-96.05,24.011],[-110.232,9.829],[-110.232,-9.829],[-96.05,-24.011],[96.05,-24.011],[110.232,-9.829],[110.232,9.829]],"c":true},"ix":2},"nm":"Path 1","mn":"ADBE Vector Shape - Group","hd":false},{"ty":"st","c":{"a":0,"k":[0,0,0,1],"ix":3},"o":{"a":0,"k":100,"ix":4},"w":{"a":0,"k":9.766,"ix":5},"lc":2,"lj":2,"bm":0,"nm":"Stroke 1","mn":"ADBE Vector Graphic - Stroke","hd":false},{"ty":"tr","p":{"a":0,"k":[177.589,332.572],"ix":2},"a":{"a":0,"k":[0,0],"ix":1},"s":{"a":0,"k":[100,100],"ix":3},"r":{"a":0,"k":0,"ix":6},"o":{"a":0,"k":100,"ix":7},"sk":{"a":0,"k":0,"ix":4},"sa":{"a":0,"k":0,"ix":5},"nm":"Transformar"}],"nm":"Group 1","np":2,"cix":2,"bm":0,"ix":1,"mn":"ADBE Vector Group","hd":false},{"ty":"gr","it":[{"ind":0,"ty":"sh","ix":1,"ks":{"a":0,"k":{"i":[[7.833,0],[0,0],[0,7.833],[0,0],[-7.833,0],[0,0],[0,-7.833],[0,0]],"o":[[0,0],[-7.833,0],[0,0],[0,-7.833],[0,0],[7.833,0],[0,0],[0,7.833]],"v":[[96.05,24.011],[-96.05,24.011],[-110.232,9.829],[-110.232,-9.829],[-96.05,-24.011],[96.05,-24.011],[110.232,-9.829],[110.232,9.829]],"c":true},"ix":2},"nm":"Path 1","mn":"ADBE Vector Shape - Group","hd":false},{"ty":"fl","c":{"a":0,"k":[0.960784316063,0.784313738346,0.298039227724,1],"ix":4},"o":{"a":0,"k":100,"ix":5},"r":1,"bm":0,"nm":"Fill 1","mn":"ADBE Vector Graphic - Fill","hd":false},{"ty":"tr","p":{"a":0,"k":[177.589,332.572],"ix":2},"a":{"a":0,"k":[0,0],"ix":1},"s":{"a":0,"k":[100,100],"ix":3},"r":{"a":0,"k":0,"ix":6},"o":{"a":0,"k":100,"ix":7},"sk":{"a":0,"k":0,"ix":4},"sa":{"a":0,"k":0,"ix":5},"nm":"Transformar"}],"nm":"Group 2","np":2,"cix":2,"bm":0,"ix":2,"mn":"ADBE Vector Group","hd":false}],"ip":0,"op":241,"st":3,"bm":0},{"ddd":0,"ind":9,"ty":4,"nm":"coin 6","parent":1,"sr":1,"ks":{"o":{"a":0,"k":100,"ix":11},"r":{"a":1,"k":[{"i":{"x":[0.667],"y":[1]},"o":{"x":[0.333],"y":[0]},"t":96,"s":[0]},{"i":{"x":[0.667],"y":[1]},"o":{"x":[0.333],"y":[0]},"t":116,"s":[5]},{"i":{"x":[0.667],"y":[1]},"o":{"x":[0.333],"y":[0]},"t":126,"s":[-5]},{"i":{"x":[0.667],"y":[1]},"o":{"x":[0.333],"y":[0]},"t":140,"s":[2.5]},{"t":156,"s":[0]}],"ix":10},"p":{"a":1,"k":[{"i":{"x":0.667,"y":1},"o":{"x":0.512,"y":0},"t":66,"s":[-79.803,124.594,0],"to":[0,-3.175,0],"ti":[0,-1.947,0]},{"i":{"x":0.393,"y":1},"o":{"x":0.297,"y":0},"t":76,"s":[-79.803,136.276,0],"to":[0,0.434,0],"ti":[0,1.089,0]},{"i":{"x":0.833,"y":0.833},"o":{"x":0.574,"y":0},"t":96,"s":[-79.803,81.345,0],"to":[0,-1.019,0],"ti":[0,1.513,0]},{"i":{"x":0.488,"y":1},"o":{"x":0.167,"y":0.167},"t":116,"s":[-79.803,136.276,0],"to":[0,-1.947,0],"ti":[0,-3.434,0]},{"t":126,"s":[-79.803,124.594,0]}],"ix":2},"a":{"a":0,"k":[176.197,380.594,0],"ix":1},"s":{"a":0,"k":[100,100,100],"ix":6}},"ao":0,"shapes":[{"ty":"gr","it":[{"ind":0,"ty":"sh","ix":1,"ks":{"a":0,"k":{"i":[[7.833,0],[0,0],[0,7.833],[0,0],[-7.833,0],[0,0],[0,-7.833],[0,0]],"o":[[0,0],[-7.833,0],[0,0],[0,-7.833],[0,0],[7.833,0],[0,0],[0,7.833]],"v":[[96.05,24.011],[-96.05,24.011],[-110.232,9.829],[-110.232,-9.829],[-96.05,-24.011],[96.05,-24.011],[110.232,-9.829],[110.232,9.829]],"c":true},"ix":2},"nm":"Path 1","mn":"ADBE Vector Shape - Group","hd":false},{"ty":"st","c":{"a":0,"k":[0,0,0,1],"ix":3},"o":{"a":0,"k":100,"ix":4},"w":{"a":0,"k":9.766,"ix":5},"lc":2,"lj":2,"bm":0,"nm":"Stroke 1","mn":"ADBE Vector Graphic - Stroke","hd":false},{"ty":"tr","p":{"a":0,"k":[176.197,380.594],"ix":2},"a":{"a":0,"k":[0,0],"ix":1},"s":{"a":0,"k":[100,100],"ix":3},"r":{"a":0,"k":0,"ix":6},"o":{"a":0,"k":100,"ix":7},"sk":{"a":0,"k":0,"ix":4},"sa":{"a":0,"k":0,"ix":5},"nm":"Transformar"}],"nm":"Group 1","np":2,"cix":2,"bm":0,"ix":1,"mn":"ADBE Vector Group","hd":false},{"ty":"gr","it":[{"ind":0,"ty":"sh","ix":1,"ks":{"a":0,"k":{"i":[[7.833,0],[0,0],[0,7.833],[0,0],[-7.833,0],[0,0],[0,-7.833],[0,0]],"o":[[0,0],[-7.833,0],[0,0],[0,-7.833],[0,0],[7.833,0],[0,0],[0,7.833]],"v":[[96.05,24.011],[-96.05,24.011],[-110.232,9.829],[-110.232,-9.829],[-96.05,-24.011],[96.05,-24.011],[110.232,-9.829],[110.232,9.829]],"c":true},"ix":2},"nm":"Path 1","mn":"ADBE Vector Shape - Group","hd":false},{"ty":"fl","c":{"a":0,"k":[0.988235294819,0.866666674614,0.525490224361,1],"ix":4},"o":{"a":0,"k":100,"ix":5},"r":1,"bm":0,"nm":"Fill 1","mn":"ADBE Vector Graphic - Fill","hd":false},{"ty":"tr","p":{"a":0,"k":[176.197,380.594],"ix":2},"a":{"a":0,"k":[0,0],"ix":1},"s":{"a":0,"k":[100,100],"ix":3},"r":{"a":0,"k":0,"ix":6},"o":{"a":0,"k":100,"ix":7},"sk":{"a":0,"k":0,"ix":4},"sa":{"a":0,"k":0,"ix":5},"nm":"Transformar"}],"nm":"Group 2","np":2,"cix":2,"bm":0,"ix":2,"mn":"ADBE Vector Group","hd":false}],"ip":0,"op":241,"st":1,"bm":0},{"ddd":0,"ind":10,"ty":4,"nm":"coin 5","parent":1,"sr":1,"ks":{"o":{"a":0,"k":100,"ix":11},"r":{"a":1,"k":[{"i":{"x":[0.667],"y":[1]},"o":{"x":[0.333],"y":[0]},"t":93,"s":[0]},{"i":{"x":[0.667],"y":[1]},"o":{"x":[0.333],"y":[0]},"t":113,"s":[5]},{"i":{"x":[0.667],"y":[1]},"o":{"x":[0.333],"y":[0]},"t":123,"s":[-5]},{"i":{"x":[0.667],"y":[1]},"o":{"x":[0.333],"y":[0]},"t":137,"s":[2.5]},{"t":153,"s":[0]}],"ix":10},"p":{"a":1,"k":[{"i":{"x":0.667,"y":1},"o":{"x":0.512,"y":0},"t":63,"s":[-79.803,172.616,0],"to":[0,-2.38,0],"ti":[0,-1.947,0]},{"i":{"x":0.393,"y":1},"o":{"x":0.297,"y":0},"t":73,"s":[-79.803,184.298,0],"to":[0,0.434,0],"ti":[0,1.082,0]},{"i":{"x":0.833,"y":0.833},"o":{"x":0.574,"y":0},"t":93,"s":[-79.803,140.478,0],"to":[0,-1.025,0],"ti":[0,1.513,0]},{"i":{"x":0.488,"y":1},"o":{"x":0.167,"y":0.167},"t":113,"s":[-79.803,184.298,0],"to":[0,-1.947,0],"ti":[0,-2.536,0]},{"t":123,"s":[-79.803,172.616,0]}],"ix":2},"a":{"a":0,"k":[176.197,428.616,0],"ix":1},"s":{"a":0,"k":[100,100,100],"ix":6}},"ao":0,"shapes":[{"ty":"gr","it":[{"ind":0,"ty":"sh","ix":1,"ks":{"a":0,"k":{"i":[[7.833,0],[0,0],[0,7.833],[0,0],[-7.833,0],[0,0],[0,-7.833],[0,0]],"o":[[0,0],[-7.833,0],[0,0],[0,-7.833],[0,0],[7.833,0],[0,0],[0,7.833]],"v":[[96.05,24.011],[-96.05,24.011],[-110.232,9.829],[-110.232,-9.829],[-96.05,-24.011],[96.05,-24.011],[110.232,-9.829],[110.232,9.829]],"c":true},"ix":2},"nm":"Path 1","mn":"ADBE Vector Shape - Group","hd":false},{"ty":"st","c":{"a":0,"k":[0,0,0,1],"ix":3},"o":{"a":0,"k":100,"ix":4},"w":{"a":0,"k":9.766,"ix":5},"lc":2,"lj":2,"bm":0,"nm":"Stroke 1","mn":"ADBE Vector Graphic - Stroke","hd":false},{"ty":"tr","p":{"a":0,"k":[176.197,428.616],"ix":2},"a":{"a":0,"k":[0,0],"ix":1},"s":{"a":0,"k":[100,100],"ix":3},"r":{"a":0,"k":0,"ix":6},"o":{"a":0,"k":100,"ix":7},"sk":{"a":0,"k":0,"ix":4},"sa":{"a":0,"k":0,"ix":5},"nm":"Transformar"}],"nm":"Group 1","np":2,"cix":2,"bm":0,"ix":1,"mn":"ADBE Vector Group","hd":false},{"ty":"gr","it":[{"ind":0,"ty":"sh","ix":1,"ks":{"a":0,"k":{"i":[[7.833,0],[0,0],[0,7.833],[0,0],[-7.833,0],[0,0],[0,-7.833],[0,0]],"o":[[0,0],[-7.833,0],[0,0],[0,-7.833],[0,0],[7.833,0],[0,0],[0,7.833]],"v":[[96.05,24.011],[-96.05,24.011],[-110.232,9.829],[-110.232,-9.829],[-96.05,-24.011],[96.05,-24.011],[110.232,-9.829],[110.232,9.829]],"c":true},"ix":2},"nm":"Path 1","mn":"ADBE Vector Shape - Group","hd":false},{"ty":"fl","c":{"a":0,"k":[0.960784316063,0.784313738346,0.298039227724,1],"ix":4},"o":{"a":0,"k":100,"ix":5},"r":1,"bm":0,"nm":"Fill 1","mn":"ADBE Vector Graphic - Fill","hd":false},{"ty":"tr","p":{"a":0,"k":[176.197,428.616],"ix":2},"a":{"a":0,"k":[0,0],"ix":1},"s":{"a":0,"k":[100,100],"ix":3},"r":{"a":0,"k":0,"ix":6},"o":{"a":0,"k":100,"ix":7},"sk":{"a":0,"k":0,"ix":4},"sa":{"a":0,"k":0,"ix":5},"nm":"Transformar"}],"nm":"Group 2","np":2,"cix":2,"bm":0,"ix":2,"mn":"ADBE Vector Group","hd":false}],"ip":0,"op":241,"st":1,"bm":0},{"ddd":0,"ind":11,"ty":4,"nm":"coin 4","parent":1,"sr":1,"ks":{"o":{"a":0,"k":100,"ix":11},"r":{"a":1,"k":[{"i":{"x":[0.667],"y":[1]},"o":{"x":[0.333],"y":[0]},"t":90,"s":[0]},{"i":{"x":[0.667],"y":[1]},"o":{"x":[0.333],"y":[0]},"t":110,"s":[5]},{"i":{"x":[0.667],"y":[1]},"o":{"x":[0.333],"y":[0]},"t":120,"s":[-5]},{"i":{"x":[0.667],"y":[1]},"o":{"x":[0.333],"y":[0]},"t":134,"s":[2.5]},{"t":150,"s":[0]}],"ix":10},"p":{"a":1,"k":[{"i":{"x":0.667,"y":1},"o":{"x":0.513,"y":0},"t":60,"s":[-79.803,220.638,0],"to":[0,-1.728,0],"ti":[0,-1.947,0]},{"i":{"x":0.415,"y":1},"o":{"x":0.297,"y":0},"t":70,"s":[-79.803,232.319,0],"to":[0,0.461,0],"ti":[0,0.987,0]},{"i":{"x":0.833,"y":0.833},"o":{"x":0.585,"y":0},"t":90,"s":[-79.803,199.611,0],"to":[0,-1.069,0],"ti":[0,1.486,0]},{"i":{"x":0.487,"y":1},"o":{"x":0.167,"y":0.167},"t":110,"s":[-79.803,232.319,0],"to":[0,-1.947,0],"ti":[0,-1.58,0]},{"t":120,"s":[-79.803,220.638,0]}],"ix":2},"a":{"a":0,"k":[176.197,476.638,0],"ix":1},"s":{"a":0,"k":[100,100,100],"ix":6}},"ao":0,"shapes":[{"ty":"gr","it":[{"ind":0,"ty":"sh","ix":1,"ks":{"a":0,"k":{"i":[[7.833,0],[0,0],[0,7.833],[0,0],[-7.833,0],[0,0],[0,-7.833],[0,0]],"o":[[0,0],[-7.833,0],[0,0],[0,-7.833],[0,0],[7.833,0],[0,0],[0,7.833]],"v":[[96.05,24.011],[-96.05,24.011],[-110.232,9.829],[-110.232,-9.829],[-96.05,-24.011],[96.05,-24.011],[110.232,-9.829],[110.232,9.829]],"c":true},"ix":2},"nm":"Path 1","mn":"ADBE Vector Shape - Group","hd":false},{"ty":"st","c":{"a":0,"k":[0,0,0,1],"ix":3},"o":{"a":0,"k":100,"ix":4},"w":{"a":0,"k":9.766,"ix":5},"lc":2,"lj":2,"bm":0,"nm":"Stroke 1","mn":"ADBE Vector Graphic - Stroke","hd":false},{"ty":"tr","p":{"a":0,"k":[176.197,476.638],"ix":2},"a":{"a":0,"k":[0,0],"ix":1},"s":{"a":0,"k":[100,100],"ix":3},"r":{"a":0,"k":0,"ix":6},"o":{"a":0,"k":100,"ix":7},"sk":{"a":0,"k":0,"ix":4},"sa":{"a":0,"k":0,"ix":5},"nm":"Transformar"}],"nm":"Group 1","np":2,"cix":2,"bm":0,"ix":1,"mn":"ADBE Vector Group","hd":false},{"ty":"gr","it":[{"ind":0,"ty":"sh","ix":1,"ks":{"a":0,"k":{"i":[[7.833,0],[0,0],[0,7.833],[0,0],[-7.833,0],[0,0],[0,-7.833],[0,0]],"o":[[0,0],[-7.833,0],[0,0],[0,-7.833],[0,0],[7.833,0],[0,0],[0,7.833]],"v":[[96.05,24.011],[-96.05,24.011],[-110.232,9.829],[-110.232,-9.829],[-96.05,-24.011],[96.05,-24.011],[110.232,-9.829],[110.232,9.829]],"c":true},"ix":2},"nm":"Path 1","mn":"ADBE Vector Shape - Group","hd":false},{"ty":"fl","c":{"a":0,"k":[0.988235294819,0.866666674614,0.525490224361,1],"ix":4},"o":{"a":0,"k":100,"ix":5},"r":1,"bm":0,"nm":"Fill 1","mn":"ADBE Vector Graphic - Fill","hd":false},{"ty":"tr","p":{"a":0,"k":[176.197,476.638],"ix":2},"a":{"a":0,"k":[0,0],"ix":1},"s":{"a":0,"k":[100,100],"ix":3},"r":{"a":0,"k":0,"ix":6},"o":{"a":0,"k":100,"ix":7},"sk":{"a":0,"k":0,"ix":4},"sa":{"a":0,"k":0,"ix":5},"nm":"Transformar"}],"nm":"Group 2","np":2,"cix":2,"bm":0,"ix":2,"mn":"ADBE Vector Group","hd":false}],"ip":0,"op":241,"st":0,"bm":0},{"ddd":0,"ind":12,"ty":4,"nm":"Coin $ 2","parent":13,"sr":1,"ks":{"o":{"a":0,"k":100,"ix":11},"r":{"a":0,"k":0,"ix":10},"p":{"a":0,"k":[248.083,131.401,0],"ix":2},"a":{"a":0,"k":[69.533,13.805,0],"ix":1},"s":{"a":0,"k":[970,970,100],"ix":6}},"ao":0,"shapes":[{"ty":"gr","it":[{"ty":"gr","it":[{"ty":"gr","it":[{"ind":0,"ty":"sh","ix":1,"ks":{"a":0,"k":{"i":[[0,0],[0,0]],"o":[[0,0],[0,0]],"v":[[69.534,20.566],[69.534,18.427]],"c":false},"ix":2},"nm":"Path 1","mn":"ADBE Vector Shape - Group","hd":false},{"ty":"st","c":{"a":0,"k":[0,0,0,1],"ix":3},"o":{"a":0,"k":100,"ix":4},"w":{"a":0,"k":1,"ix":5},"lc":1,"lj":1,"ml":10,"bm":0,"nm":"Stroke 1","mn":"ADBE Vector Graphic - Stroke","hd":false},{"ty":"tr","p":{"a":0,"k":[0,0],"ix":2},"a":{"a":0,"k":[0,0],"ix":1},"s":{"a":0,"k":[100,100],"ix":3},"r":{"a":0,"k":0,"ix":6},"o":{"a":0,"k":100,"ix":7},"sk":{"a":0,"k":0,"ix":4},"sa":{"a":0,"k":0,"ix":5},"nm":"Transformar"}],"nm":"Group 46","np":2,"cix":2,"bm":0,"ix":1,"mn":"ADBE Vector Group","hd":false},{"ty":"gr","it":[{"ind":0,"ty":"sh","ix":1,"ks":{"a":0,"k":{"i":[[0,0],[0,0]],"o":[[0,0],[0,0]],"v":[[69.534,9.183],[69.534,7.044]],"c":false},"ix":2},"nm":"Path 1","mn":"ADBE Vector Shape - Group","hd":false},{"ty":"st","c":{"a":0,"k":[0,0,0,1],"ix":3},"o":{"a":0,"k":100,"ix":4},"w":{"a":0,"k":1,"ix":5},"lc":1,"lj":1,"ml":10,"bm":0,"nm":"Stroke 1","mn":"ADBE Vector Graphic - Stroke","hd":false},{"ty":"tr","p":{"a":0,"k":[0,0],"ix":2},"a":{"a":0,"k":[0,0],"ix":1},"s":{"a":0,"k":[100,100],"ix":3},"r":{"a":0,"k":0,"ix":6},"o":{"a":0,"k":100,"ix":7},"sk":{"a":0,"k":0,"ix":4},"sa":{"a":0,"k":0,"ix":5},"nm":"Transformar"}],"nm":"Group 47","np":2,"cix":2,"bm":0,"ix":2,"mn":"ADBE Vector Group","hd":false},{"ty":"gr","it":[{"ind":0,"ty":"sh","ix":1,"ks":{"a":0,"k":{"i":[[0,0],[0,0],[1.304,0],[0,-1.304],[-1.296,0],[0,0],[0,-1.2],[1.304,0],[0,1.305]],"o":[[0,0],[0,-1.304],[-1.305,0],[0,1.297],[0,0],[1.199,0],[0,1.305],[-1.305,0],[0,0]],"v":[[2.362,-2.213],[2.362,-2.261],[0,-4.622],[-2.362,-2.261],[-0.013,0.088],[0.189,0.088],[2.362,2.26],[0,4.622],[-2.362,2.26]],"c":false},"ix":2},"nm":"Path 1","mn":"ADBE Vector Shape - Group","hd":false},{"ty":"st","c":{"a":0,"k":[0,0,0,1],"ix":3},"o":{"a":0,"k":100,"ix":4},"w":{"a":0,"k":1,"ix":5},"lc":1,"lj":1,"ml":10,"bm":0,"nm":"Stroke 1","mn":"ADBE Vector Graphic - Stroke","hd":false},{"ty":"tr","p":{"a":0,"k":[69.534,13.805],"ix":2},"a":{"a":0,"k":[0,0],"ix":1},"s":{"a":0,"k":[100,100],"ix":3},"r":{"a":0,"k":0,"ix":6},"o":{"a":0,"k":100,"ix":7},"sk":{"a":0,"k":0,"ix":4},"sa":{"a":0,"k":0,"ix":5},"nm":"Transformar"}],"nm":"Group 49","np":2,"cix":2,"bm":0,"ix":3,"mn":"ADBE Vector Group","hd":false},{"ty":"tr","p":{"a":0,"k":[69.534,13.805],"ix":2},"a":{"a":0,"k":[69.534,13.805],"ix":1},"s":{"a":0,"k":[100,100],"ix":3},"r":{"a":0,"k":0,"ix":6},"o":{"a":0,"k":100,"ix":7},"sk":{"a":0,"k":0,"ix":4},"sa":{"a":0,"k":0,"ix":5},"nm":"Transformar"}],"nm":"$","np":3,"cix":2,"bm":0,"ix":1,"mn":"ADBE Vector Group","hd":false},{"ty":"gr","it":[{"ind":0,"ty":"sh","ix":1,"ks":{"a":0,"k":{"i":[[5.269,0],[1.804,1.805],[0,2.553],[-5.27,0],[-1.805,-1.805],[0,-2.553]],"o":[[-2.553,0],[-1.806,-1.805],[0,-5.269],[2.552,0],[1.805,1.805],[0,5.269]],"v":[[0,9.556],[-6.757,6.757],[-9.556,0],[0,-9.556],[6.757,-6.757],[9.556,0]],"c":true},"ix":2},"nm":"Path 1","mn":"ADBE Vector Shape - Group","hd":false},{"ty":"fl","c":{"a":0,"k":[1,0.830932617188,0.321990966797,1],"ix":4},"o":{"a":0,"k":100,"ix":5},"r":1,"bm":0,"nm":"Fill 1","mn":"ADBE Vector Graphic - Fill","hd":false},{"ty":"tr","p":{"a":0,"k":[69.534,13.805],"ix":2},"a":{"a":0,"k":[0,0],"ix":1},"s":{"a":0,"k":[100,100],"ix":3},"r":{"a":0,"k":0,"ix":6},"o":{"a":0,"k":100,"ix":7},"sk":{"a":0,"k":0,"ix":4},"sa":{"a":0,"k":0,"ix":5},"nm":"Transformar"}],"nm":"Group 49","np":2,"cix":2,"bm":0,"ix":2,"mn":"ADBE Vector Group","hd":false},{"ty":"gr","it":[{"ind":0,"ty":"sh","ix":1,"ks":{"a":0,"k":{"i":[[0,-6.244],[6.243,0],[0,6.244],[-6.243,0]],"o":[[0,6.244],[-6.243,0],[0,-6.243],[6.243,0]],"v":[[11.305,0],[0,11.305],[-11.305,0],[0,-11.305]],"c":true},"ix":2},"nm":"Path 1","mn":"ADBE Vector Shape - Group","hd":false},{"ty":"st","c":{"a":0,"k":[0,0,0,1],"ix":3},"o":{"a":0,"k":100,"ix":4},"w":{"a":0,"k":1,"ix":5},"lc":1,"lj":1,"ml":10,"bm":0,"nm":"Stroke 1","mn":"ADBE Vector Graphic - Stroke","hd":false},{"ty":"tr","p":{"a":0,"k":[69.533,13.805],"ix":2},"a":{"a":0,"k":[0,0],"ix":1},"s":{"a":0,"k":[100,100],"ix":3},"r":{"a":0,"k":0,"ix":6},"o":{"a":0,"k":100,"ix":7},"sk":{"a":0,"k":0,"ix":4},"sa":{"a":0,"k":0,"ix":5},"nm":"Transformar"}],"nm":"Group 50","np":2,"cix":2,"bm":0,"ix":3,"mn":"ADBE Vector Group","hd":false},{"ty":"tr","p":{"a":0,"k":[-119.366,29.605],"ix":2},"a":{"a":0,"k":[-119.366,29.605],"ix":1},"s":{"a":0,"k":[100,100],"ix":3},"r":{"a":0,"k":0,"ix":6},"o":{"a":0,"k":100,"ix":7},"sk":{"a":0,"k":0,"ix":4},"sa":{"a":0,"k":0,"ix":5},"nm":"Transformar"}],"nm":"Coin $","np":3,"cix":2,"bm":0,"ix":1,"mn":"ADBE Vector Group","hd":false},{"ty":"fl","c":{"a":0,"k":[0.988220214844,0.866638183594,0.525482177734,1],"ix":4},"o":{"a":0,"k":100,"ix":5},"r":1,"bm":0,"nm":"Fill 1","mn":"ADBE Vector Graphic - Fill","hd":false}],"ip":105,"op":311,"st":106,"bm":0},{"ddd":0,"ind":13,"ty":3,"nm":"token 2","parent":1,"sr":1,"ks":{"o":{"a":0,"k":100,"ix":11},"r":{"a":0,"k":0,"ix":10},"p":{"a":1,"k":[{"i":{"x":0.2,"y":1},"o":{"x":0.333,"y":0},"t":105,"s":[-7.54,123.907,0],"to":[0,0,0],"ti":[0,0,0]},{"i":{"x":0.833,"y":0.833},"o":{"x":0.8,"y":0},"t":125,"s":[-7.54,-143.6,0],"to":[0,0,0],"ti":[0,0,0]},{"i":{"x":0.667,"y":1},"o":{"x":0.167,"y":0.167},"t":135,"s":[-7.54,-101.775,0],"to":[0,0,0],"ti":[0,0,0]},{"t":145,"s":[-7.54,-112.06,0]}],"ix":2},"a":{"a":0,"k":[248.46,143.94,0],"ix":1},"s":{"a":1,"k":[{"i":{"x":[0.2,0.2,0.2],"y":[1,1,1]},"o":{"x":[0.333,0.333,0.333],"y":[0,0,0]},"t":105,"s":[0,0,100]},{"i":{"x":[0.833,0.833,0.833],"y":[0.833,0.833,5.697]},"o":{"x":[0.8,0.8,0.8],"y":[0,0,0]},"t":125,"s":[110,110,100]},{"i":{"x":[0.667,0.667,0.667],"y":[1,1,1]},"o":{"x":[0.167,0.167,0.167],"y":[0.167,0.167,4.882]},"t":135,"s":[90,90,100]},{"t":145,"s":[100,100,100]}],"ix":6}},"ao":0,"ip":105,"op":241,"st":-15,"bm":0}]}],"layers":[{"ddd":0,"ind":1,"ty":0,"nm":"Token","refId":"comp_0","sr":1,"ks":{"o":{"a":0,"k":100,"ix":11},"r":{"a":0,"k":0,"ix":10},"p":{"a":0,"k":[256,258,0],"ix":2},"a":{"a":0,"k":[256,256,0],"ix":1},"s":{"a":0,"k":[100,100,100],"ix":6}},"ao":0,"w":512,"h":512,"ip":0,"op":241,"st":0,"bm":0}],"markers":[]}